Entity,Code,Year,Women's Economic Rights - ciri_wecon
Afghanistan,AFG,1981,0
Afghanistan,AFG,1982,0
Afghanistan,AFG,1983,0
Afghanistan,AFG,1984,0
Afghanistan,AFG,1985,0
Afghanistan,AFG,1986,0
Afghanistan,AFG,1987,0
Afghanistan,AFG,1988,0
Afghanistan,AFG,1989,0
Afghanistan,AFG,1990,0
Afghanistan,AFG,1991,0
Afghanistan,AFG,1996,0
Afghanistan,AFG,1997,0
Afghanistan,AFG,1998,0
Afghanistan,AFG,1999,0
Afghanistan,AFG,2000,0
Afghanistan,AFG,2001,0
Afghanistan,AFG,2002,0
Afghanistan,AFG,2005,0
Afghanistan,AFG,2006,0
Afghanistan,AFG,2007,0
Afghanistan,AFG,2008,0
Afghanistan,AFG,2009,0
Afghanistan,AFG,2010,0
Afghanistan,AFG,2011,0
Albania,ALB,1981,1
Albania,ALB,1982,1
Albania,ALB,1983,1
Albania,ALB,1984,1
Albania,ALB,1985,1
Albania,ALB,1986,1
Albania,ALB,1987,1
Albania,ALB,1988,1
Albania,ALB,1989,1
Albania,ALB,1990,1
Albania,ALB,1991,1
Albania,ALB,1992,1
Albania,ALB,1993,1
Albania,ALB,1994,1
Albania,ALB,1995,1
Albania,ALB,1996,1
Albania,ALB,1997,1
Albania,ALB,1998,1
Albania,ALB,1999,1
Albania,ALB,2000,1
Albania,ALB,2001,1
Albania,ALB,2002,1
Albania,ALB,2003,2
Albania,ALB,2004,1
Albania,ALB,2005,1
Albania,ALB,2006,1
Albania,ALB,2007,2
Albania,ALB,2008,0
Albania,ALB,2009,1
Albania,ALB,2010,1
Albania,ALB,2011,1
Algeria,DZA,1981,1
Algeria,DZA,1984,1
Algeria,DZA,1985,1
Algeria,DZA,1986,1
Algeria,DZA,1987,1
Algeria,DZA,1988,1
Algeria,DZA,1990,1
Algeria,DZA,1991,1
Algeria,DZA,1992,1
Algeria,DZA,1993,1
Algeria,DZA,1994,1
Algeria,DZA,1995,1
Algeria,DZA,1996,1
Algeria,DZA,1997,1
Algeria,DZA,1998,1
Algeria,DZA,1999,1
Algeria,DZA,2000,1
Algeria,DZA,2001,1
Algeria,DZA,2002,1
Algeria,DZA,2003,1
Algeria,DZA,2004,1
Algeria,DZA,2005,1
Algeria,DZA,2006,1
Algeria,DZA,2007,1
Algeria,DZA,2008,2
Algeria,DZA,2009,1
Algeria,DZA,2010,2
Algeria,DZA,2011,1
Andorra,AND,2001,1
Andorra,AND,2003,1
Andorra,AND,2004,1
Andorra,AND,2005,1
Andorra,AND,2006,1
Andorra,AND,2007,2
Andorra,AND,2008,0
Andorra,AND,2009,2
Andorra,AND,2010,2
Andorra,AND,2011,3
Angola,AGO,1981,1
Angola,AGO,1984,1
Angola,AGO,1985,1
Angola,AGO,1987,1
Angola,AGO,1993,2
Angola,AGO,1994,1
Angola,AGO,1995,1
Angola,AGO,1996,1
Angola,AGO,1997,1
Angola,AGO,1998,1
Angola,AGO,1999,1
Angola,AGO,2000,1
Angola,AGO,2001,1
Angola,AGO,2002,1
Angola,AGO,2003,1
Angola,AGO,2004,1
Angola,AGO,2005,1
Angola,AGO,2006,1
Angola,AGO,2007,1
Angola,AGO,2008,0
Angola,AGO,2009,1
Angola,AGO,2010,1
Angola,AGO,2011,1
Antigua and Barbuda,ATG,2001,2
Antigua and Barbuda,ATG,2003,2
Antigua and Barbuda,ATG,2004,1
Antigua and Barbuda,ATG,2005,1
Antigua and Barbuda,ATG,2006,1
Antigua and Barbuda,ATG,2007,1
Antigua and Barbuda,ATG,2008,1
Antigua and Barbuda,ATG,2009,2
Antigua and Barbuda,ATG,2010,2
Antigua and Barbuda,ATG,2011,2
Argentina,ARG,1982,1
Argentina,ARG,1984,1
Argentina,ARG,1985,2
Argentina,ARG,1986,2
Argentina,ARG,1987,2
Argentina,ARG,1988,2
Argentina,ARG,1989,2
Argentina,ARG,1990,1
Argentina,ARG,1991,1
Argentina,ARG,1992,1
Argentina,ARG,1993,2
Argentina,ARG,1994,1
Argentina,ARG,1995,1
Argentina,ARG,1996,1
Argentina,ARG,1997,1
Argentina,ARG,1998,1
Argentina,ARG,1999,1
Argentina,ARG,2000,1
Argentina,ARG,2001,1
Argentina,ARG,2002,1
Argentina,ARG,2003,1
Argentina,ARG,2004,2
Argentina,ARG,2005,2
Argentina,ARG,2006,1
Argentina,ARG,2007,2
Argentina,ARG,2008,1
Argentina,ARG,2009,2
Argentina,ARG,2010,2
Argentina,ARG,2011,2
Armenia,ARM,1992,0
Armenia,ARM,1993,1
Armenia,ARM,1994,1
Armenia,ARM,1995,1
Armenia,ARM,1996,1
Armenia,ARM,1997,1
Armenia,ARM,1998,1
Armenia,ARM,1999,1
Armenia,ARM,2000,1
Armenia,ARM,2001,1
Armenia,ARM,2002,1
Armenia,ARM,2003,1
Armenia,ARM,2004,1
Armenia,ARM,2005,1
Armenia,ARM,2006,1
Armenia,ARM,2007,2
Armenia,ARM,2008,1
Armenia,ARM,2009,1
Armenia,ARM,2010,1
Armenia,ARM,2011,1
Australia,AUS,1983,1
Australia,AUS,1984,2
Australia,AUS,1985,2
Australia,AUS,1986,2
Australia,AUS,1987,2
Australia,AUS,1988,2
Australia,AUS,1989,2
Australia,AUS,1990,2
Australia,AUS,1991,2
Australia,AUS,1992,2
Australia,AUS,1993,2
Australia,AUS,1994,2
Australia,AUS,1995,2
Australia,AUS,1996,2
Australia,AUS,1997,2
Australia,AUS,1998,2
Australia,AUS,1999,2
Australia,AUS,2000,2
Australia,AUS,2001,2
Australia,AUS,2002,2
Australia,AUS,2003,3
Australia,AUS,2004,3
Australia,AUS,2005,3
Australia,AUS,2006,3
Australia,AUS,2007,3
Australia,AUS,2008,2
Australia,AUS,2009,3
Australia,AUS,2010,3
Australia,AUS,2011,3
Austria,AUT,1981,2
Austria,AUT,1982,1
Austria,AUT,1983,1
Austria,AUT,1984,1
Austria,AUT,1985,1
Austria,AUT,1986,1
Austria,AUT,1987,1
Austria,AUT,1988,1
Austria,AUT,1989,2
Austria,AUT,1990,2
Austria,AUT,1991,2
Austria,AUT,1992,2
Austria,AUT,1993,2
Austria,AUT,1994,2
Austria,AUT,1995,2
Austria,AUT,1996,2
Austria,AUT,1997,2
Austria,AUT,1998,2
Austria,AUT,1999,2
Austria,AUT,2000,2
Austria,AUT,2001,2
Austria,AUT,2002,2
Austria,AUT,2003,2
Austria,AUT,2004,2
Austria,AUT,2005,2
Austria,AUT,2006,2
Austria,AUT,2007,3
Austria,AUT,2008,2
Austria,AUT,2009,2
Austria,AUT,2010,3
Austria,AUT,2011,3
Azerbaijan,AZE,1992,1
Azerbaijan,AZE,1993,2
Azerbaijan,AZE,1994,1
Azerbaijan,AZE,1995,1
Azerbaijan,AZE,1996,1
Azerbaijan,AZE,1997,1
Azerbaijan,AZE,1998,1
Azerbaijan,AZE,1999,1
Azerbaijan,AZE,2000,1
Azerbaijan,AZE,2001,1
Azerbaijan,AZE,2002,1
Azerbaijan,AZE,2003,1
Azerbaijan,AZE,2004,1
Azerbaijan,AZE,2005,1
Azerbaijan,AZE,2006,1
Azerbaijan,AZE,2007,1
Azerbaijan,AZE,2008,1
Azerbaijan,AZE,2009,1
Azerbaijan,AZE,2010,1
Azerbaijan,AZE,2011,1
Bahamas,BHS,2001,2
Bahamas,BHS,2003,2
Bahamas,BHS,2004,2
Bahamas,BHS,2005,2
Bahamas,BHS,2006,2
Bahamas,BHS,2007,2
Bahamas,BHS,2008,3
Bahamas,BHS,2009,3
Bahamas,BHS,2010,2
Bahamas,BHS,2011,2
Bahrain,BHR,1981,1
Bahrain,BHR,1982,2
Bahrain,BHR,1983,2
Bahrain,BHR,1984,1
Bahrain,BHR,1985,1
Bahrain,BHR,1986,2
Bahrain,BHR,1987,1
Bahrain,BHR,1988,1
Bahrain,BHR,1989,1
Bahrain,BHR,1990,1
Bahrain,BHR,1991,1
Bahrain,BHR,1992,1
Bahrain,BHR,1993,1
Bahrain,BHR,1994,1
Bahrain,BHR,1995,1
Bahrain,BHR,1996,1
Bahrain,BHR,1997,1
Bahrain,BHR,1998,1
Bahrain,BHR,1999,1
Bahrain,BHR,2000,1
Bahrain,BHR,2001,1
Bahrain,BHR,2002,1
Bahrain,BHR,2003,1
Bahrain,BHR,2004,1
Bahrain,BHR,2005,1
Bahrain,BHR,2006,1
Bahrain,BHR,2007,1
Bahrain,BHR,2008,1
Bahrain,BHR,2009,1
Bahrain,BHR,2010,1
Bahrain,BHR,2011,0
Bangladesh,BGD,1981,0
Bangladesh,BGD,1982,0
Bangladesh,BGD,1983,0
Bangladesh,BGD,1984,0
Bangladesh,BGD,1985,0
Bangladesh,BGD,1986,0
Bangladesh,BGD,1987,0
Bangladesh,BGD,1988,0
Bangladesh,BGD,1989,0
Bangladesh,BGD,1990,1
Bangladesh,BGD,1991,1
Bangladesh,BGD,1992,1
Bangladesh,BGD,1993,1
Bangladesh,BGD,1994,1
Bangladesh,BGD,1995,1
Bangladesh,BGD,1996,1
Bangladesh,BGD,1997,1
Bangladesh,BGD,1998,1
Bangladesh,BGD,1999,1
Bangladesh,BGD,2000,1
Bangladesh,BGD,2001,1
Bangladesh,BGD,2002,1
Bangladesh,BGD,2003,1
Bangladesh,BGD,2004,1
Bangladesh,BGD,2005,1
Bangladesh,BGD,2006,1
Bangladesh,BGD,2007,2
Bangladesh,BGD,2008,1
Bangladesh,BGD,2009,1
Bangladesh,BGD,2010,1
Bangladesh,BGD,2011,1
Barbados,BRB,2001,2
Barbados,BRB,2003,2
Barbados,BRB,2004,2
Barbados,BRB,2005,2
Barbados,BRB,2006,2
Barbados,BRB,2007,2
Barbados,BRB,2008,2
Barbados,BRB,2009,2
Barbados,BRB,2010,2
Barbados,BRB,2011,2
Belarus,BLR,1992,1
Belarus,BLR,1993,1
Belarus,BLR,1994,2
Belarus,BLR,1995,2
Belarus,BLR,1996,2
Belarus,BLR,1997,1
Belarus,BLR,1998,1
Belarus,BLR,1999,1
Belarus,BLR,2000,1
Belarus,BLR,2001,1
Belarus,BLR,2002,1
Belarus,BLR,2003,1
Belarus,BLR,2004,1
Belarus,BLR,2005,1
Belarus,BLR,2006,1
Belarus,BLR,2007,2
Belarus,BLR,2008,1
Belarus,BLR,2009,1
Belarus,BLR,2010,1
Belarus,BLR,2011,1
Belgium,BEL,1981,2
Belgium,BEL,1982,2
Belgium,BEL,1983,2
Belgium,BEL,1984,2
Belgium,BEL,1985,2
Belgium,BEL,1986,2
Belgium,BEL,1987,2
Belgium,BEL,1988,2
Belgium,BEL,1989,2
Belgium,BEL,1990,2
Belgium,BEL,1991,3
Belgium,BEL,1992,2
Belgium,BEL,1993,2
Belgium,BEL,1994,2
Belgium,BEL,1995,2
Belgium,BEL,1996,2
Belgium,BEL,1997,2
Belgium,BEL,1998,2
Belgium,BEL,1999,2
Belgium,BEL,2000,2
Belgium,BEL,2001,2
Belgium,BEL,2002,2
Belgium,BEL,2003,3
Belgium,BEL,2004,3
Belgium,BEL,2005,3
Belgium,BEL,2006,2
Belgium,BEL,2007,2
Belgium,BEL,2008,1
Belgium,BEL,2009,2
Belgium,BEL,2010,2
Belgium,BEL,2011,2
Belize,BLZ,1982,2
Belize,BLZ,1983,2
Belize,BLZ,1984,2
Belize,BLZ,1985,1
Belize,BLZ,1986,1
Belize,BLZ,1987,2
Belize,BLZ,1988,2
Belize,BLZ,1989,2
Belize,BLZ,1990,2
Belize,BLZ,1991,2
Belize,BLZ,1992,2
Belize,BLZ,1993,2
Belize,BLZ,1994,2
Belize,BLZ,1995,2
Belize,BLZ,1996,1
Belize,BLZ,1997,1
Belize,BLZ,1998,1
Belize,BLZ,1999,1
Belize,BLZ,2000,1
Belize,BLZ,2001,1
Belize,BLZ,2002,2
Belize,BLZ,2003,1
Belize,BLZ,2004,2
Belize,BLZ,2005,1
Belize,BLZ,2006,1
Belize,BLZ,2007,2
Belize,BLZ,2008,2
Belize,BLZ,2009,2
Belize,BLZ,2010,2
Belize,BLZ,2011,2
Benin,BEN,1981,1
Benin,BEN,1982,2
Benin,BEN,1983,2
Benin,BEN,1984,2
Benin,BEN,1985,2
Benin,BEN,1986,2
Benin,BEN,1987,2
Benin,BEN,1988,2
Benin,BEN,1989,2
Benin,BEN,1990,2
Benin,BEN,1991,1
Benin,BEN,1992,1
Benin,BEN,1993,1
Benin,BEN,1994,1
Benin,BEN,1995,1
Benin,BEN,1996,1
Benin,BEN,1997,1
Benin,BEN,1998,1
Benin,BEN,1999,1
Benin,BEN,2000,1
Benin,BEN,2001,1
Benin,BEN,2002,1
Benin,BEN,2003,1
Benin,BEN,2004,1
Benin,BEN,2005,1
Benin,BEN,2006,1
Benin,BEN,2007,1
Benin,BEN,2008,0
Benin,BEN,2009,1
Benin,BEN,2010,1
Benin,BEN,2011,1
Bhutan,BTN,1981,2
Bhutan,BTN,1982,1
Bhutan,BTN,1983,1
Bhutan,BTN,1984,1
Bhutan,BTN,1985,1
Bhutan,BTN,1986,1
Bhutan,BTN,1987,1
Bhutan,BTN,1988,1
Bhutan,BTN,1989,1
Bhutan,BTN,1990,1
Bhutan,BTN,1991,1
Bhutan,BTN,1992,1
Bhutan,BTN,1993,1
Bhutan,BTN,1994,1
Bhutan,BTN,1995,2
Bhutan,BTN,1996,2
Bhutan,BTN,1997,2
Bhutan,BTN,1998,2
Bhutan,BTN,1999,2
Bhutan,BTN,2000,2
Bhutan,BTN,2001,2
Bhutan,BTN,2002,2
Bhutan,BTN,2003,2
Bhutan,BTN,2004,2
Bhutan,BTN,2005,2
Bhutan,BTN,2006,2
Bhutan,BTN,2007,3
Bhutan,BTN,2008,3
Bhutan,BTN,2009,3
Bhutan,BTN,2010,3
Bhutan,BTN,2011,2
Bolivia,BOL,1981,0
Bolivia,BOL,1982,1
Bolivia,BOL,1983,1
Bolivia,BOL,1984,0
Bolivia,BOL,1985,1
Bolivia,BOL,1986,1
Bolivia,BOL,1987,1
Bolivia,BOL,1988,1
Bolivia,BOL,1989,1
Bolivia,BOL,1990,1
Bolivia,BOL,1991,1
Bolivia,BOL,1992,1
Bolivia,BOL,1993,1
Bolivia,BOL,1994,1
Bolivia,BOL,1995,1
Bolivia,BOL,1996,1
Bolivia,BOL,1997,1
Bolivia,BOL,1998,1
Bolivia,BOL,1999,1
Bolivia,BOL,2000,1
Bolivia,BOL,2001,1
Bolivia,BOL,2002,1
Bolivia,BOL,2003,1
Bolivia,BOL,2004,1
Bolivia,BOL,2005,1
Bolivia,BOL,2006,1
Bolivia,BOL,2007,2
Bolivia,BOL,2008,1
Bolivia,BOL,2009,1
Bolivia,BOL,2010,1
Bolivia,BOL,2011,1
Bosnia and Herzegovina,BIH,2001,2
Bosnia and Herzegovina,BIH,2002,2
Bosnia and Herzegovina,BIH,2003,2
Bosnia and Herzegovina,BIH,2004,1
Bosnia and Herzegovina,BIH,2005,1
Bosnia and Herzegovina,BIH,2006,1
Bosnia and Herzegovina,BIH,2007,2
Bosnia and Herzegovina,BIH,2008,1
Bosnia and Herzegovina,BIH,2009,1
Bosnia and Herzegovina,BIH,2010,1
Bosnia and Herzegovina,BIH,2011,1
Botswana,BWA,1981,1
Botswana,BWA,1983,2
Botswana,BWA,1984,1
Botswana,BWA,1985,2
Botswana,BWA,1986,2
Botswana,BWA,1987,1
Botswana,BWA,1988,1
Botswana,BWA,1989,1
Botswana,BWA,1990,1
Botswana,BWA,1991,1
Botswana,BWA,1992,1
Botswana,BWA,1993,1
Botswana,BWA,1994,1
Botswana,BWA,1995,1
Botswana,BWA,1996,0
Botswana,BWA,1997,1
Botswana,BWA,1998,1
Botswana,BWA,1999,1
Botswana,BWA,2000,1
Botswana,BWA,2001,1
Botswana,BWA,2002,1
Botswana,BWA,2003,1
Botswana,BWA,2004,1
Botswana,BWA,2005,1
Botswana,BWA,2006,1
Botswana,BWA,2007,0
Botswana,BWA,2008,2
Botswana,BWA,2009,1
Botswana,BWA,2010,1
Botswana,BWA,2011,2
Brazil,BRA,1981,1
Brazil,BRA,1982,1
Brazil,BRA,1983,1
Brazil,BRA,1984,1
Brazil,BRA,1985,1
Brazil,BRA,1986,1
Brazil,BRA,1987,1
Brazil,BRA,1988,2
Brazil,BRA,1989,2
Brazil,BRA,1990,1
Brazil,BRA,1991,1
Brazil,BRA,1992,1
Brazil,BRA,1993,1
Brazil,BRA,1994,1
Brazil,BRA,1995,1
Brazil,BRA,1996,1
Brazil,BRA,1997,1
Brazil,BRA,1998,1
Brazil,BRA,1999,1
Brazil,BRA,2000,1
Brazil,BRA,2001,1
Brazil,BRA,2002,1
Brazil,BRA,2003,1
Brazil,BRA,2004,2
Brazil,BRA,2005,2
Brazil,BRA,2006,2
Brazil,BRA,2007,3
Brazil,BRA,2008,2
Brazil,BRA,2009,2
Brazil,BRA,2010,2
Brazil,BRA,2011,1
Brunei,BRN,1984,1
Brunei,BRN,1985,1
Brunei,BRN,1986,1
Brunei,BRN,1987,1
Brunei,BRN,1988,0
Brunei,BRN,1989,1
Brunei,BRN,1990,1
Brunei,BRN,1991,1
Brunei,BRN,1992,1
Brunei,BRN,1993,1
Brunei,BRN,1994,1
Brunei,BRN,1995,1
Brunei,BRN,1996,1
Brunei,BRN,1997,1
Brunei,BRN,1998,1
Brunei,BRN,1999,1
Brunei,BRN,2000,1
Brunei,BRN,2001,1
Brunei,BRN,2002,1
Brunei,BRN,2003,1
Brunei,BRN,2004,1
Brunei,BRN,2005,1
Brunei,BRN,2006,1
Brunei,BRN,2007,1
Brunei,BRN,2008,1
Brunei,BRN,2009,1
Brunei,BRN,2010,2
Brunei,BRN,2011,2
Bulgaria,BGR,1981,1
Bulgaria,BGR,1982,2
Bulgaria,BGR,1983,2
Bulgaria,BGR,1984,1
Bulgaria,BGR,1985,2
Bulgaria,BGR,1986,2
Bulgaria,BGR,1987,1
Bulgaria,BGR,1988,2
Bulgaria,BGR,1989,2
Bulgaria,BGR,1990,1
Bulgaria,BGR,1991,2
Bulgaria,BGR,1992,1
Bulgaria,BGR,1993,1
Bulgaria,BGR,1994,1
Bulgaria,BGR,1995,1
Bulgaria,BGR,1996,1
Bulgaria,BGR,1997,1
Bulgaria,BGR,1998,1
Bulgaria,BGR,1999,1
Bulgaria,BGR,2000,1
Bulgaria,BGR,2001,1
Bulgaria,BGR,2002,1
Bulgaria,BGR,2003,1
Bulgaria,BGR,2004,2
Bulgaria,BGR,2005,2
Bulgaria,BGR,2006,2
Bulgaria,BGR,2007,1
Bulgaria,BGR,2008,1
Bulgaria,BGR,2009,1
Bulgaria,BGR,2010,3
Bulgaria,BGR,2011,2
Burkina Faso,BFA,1981,1
Burkina Faso,BFA,1982,1
Burkina Faso,BFA,1983,1
Burkina Faso,BFA,1984,1
Burkina Faso,BFA,1985,0
Burkina Faso,BFA,1986,1
Burkina Faso,BFA,1987,0
Burkina Faso,BFA,1988,0
Burkina Faso,BFA,1989,1
Burkina Faso,BFA,1990,1
Burkina Faso,BFA,1991,1
Burkina Faso,BFA,1992,1
Burkina Faso,BFA,1993,0
Burkina Faso,BFA,1994,0
Burkina Faso,BFA,1995,0
Burkina Faso,BFA,1996,0
Burkina Faso,BFA,1997,0
Burkina Faso,BFA,1998,0
Burkina Faso,BFA,1999,0
Burkina Faso,BFA,2000,0
Burkina Faso,BFA,2001,0
Burkina Faso,BFA,2002,0
Burkina Faso,BFA,2003,2
Burkina Faso,BFA,2004,1
Burkina Faso,BFA,2005,1
Burkina Faso,BFA,2006,1
Burkina Faso,BFA,2007,1
Burkina Faso,BFA,2008,1
Burkina Faso,BFA,2009,1
Burkina Faso,BFA,2010,1
Burkina Faso,BFA,2011,1
Burundi,BDI,1981,2
Burundi,BDI,1982,2
Burundi,BDI,1983,1
Burundi,BDI,1984,1
Burundi,BDI,1985,2
Burundi,BDI,1986,2
Burundi,BDI,1987,1
Burundi,BDI,1988,1
Burundi,BDI,1989,2
Burundi,BDI,1990,1
Burundi,BDI,1991,1
Burundi,BDI,1992,1
Burundi,BDI,1996,1
Burundi,BDI,1997,1
Burundi,BDI,1998,1
Burundi,BDI,1999,1
Burundi,BDI,2000,1
Burundi,BDI,2001,1
Burundi,BDI,2002,1
Burundi,BDI,2003,1
Burundi,BDI,2004,1
Burundi,BDI,2005,1
Burundi,BDI,2006,1
Burundi,BDI,2007,0
Burundi,BDI,2008,1
Burundi,BDI,2009,1
Burundi,BDI,2010,0
Burundi,BDI,2011,0
Cambodia,KHM,1990,0
Cambodia,KHM,1991,0
Cambodia,KHM,1992,1
Cambodia,KHM,1993,1
Cambodia,KHM,1994,1
Cambodia,KHM,1995,1
Cambodia,KHM,1996,1
Cambodia,KHM,1997,1
Cambodia,KHM,1998,1
Cambodia,KHM,1999,1
Cambodia,KHM,2000,1
Cambodia,KHM,2001,1
Cambodia,KHM,2002,1
Cambodia,KHM,2003,2
Cambodia,KHM,2004,2
Cambodia,KHM,2005,1
Cambodia,KHM,2006,1
Cambodia,KHM,2007,2
Cambodia,KHM,2008,1
Cambodia,KHM,2009,1
Cambodia,KHM,2010,1
Cambodia,KHM,2011,1
Cameroon,CMR,1981,2
Cameroon,CMR,1982,1
Cameroon,CMR,1983,1
Cameroon,CMR,1984,2
Cameroon,CMR,1985,1
Cameroon,CMR,1986,1
Cameroon,CMR,1987,1
Cameroon,CMR,1988,1
Cameroon,CMR,1989,1
Cameroon,CMR,1990,1
Cameroon,CMR,1993,0
Cameroon,CMR,1996,1
Cameroon,CMR,1997,1
Cameroon,CMR,1999,1
Cameroon,CMR,2000,1
Cameroon,CMR,2001,1
Cameroon,CMR,2002,1
Cameroon,CMR,2003,0
Cameroon,CMR,2004,0
Cameroon,CMR,2005,0
Cameroon,CMR,2006,0
Cameroon,CMR,2007,0
Cameroon,CMR,2008,0
Cameroon,CMR,2009,0
Cameroon,CMR,2010,0
Cameroon,CMR,2011,0
Canada,CAN,1981,2
Canada,CAN,1982,3
Canada,CAN,1983,3
Canada,CAN,1984,2
Canada,CAN,1985,3
Canada,CAN,1986,3
Canada,CAN,1987,2
Canada,CAN,1988,3
Canada,CAN,1989,2
Canada,CAN,1990,2
Canada,CAN,1991,2
Canada,CAN,1992,2
Canada,CAN,1993,2
Canada,CAN,1994,2
Canada,CAN,1995,2
Canada,CAN,1996,2
Canada,CAN,1997,2
Canada,CAN,1998,2
Canada,CAN,1999,2
Canada,CAN,2000,2
Canada,CAN,2001,2
Canada,CAN,2002,2
Canada,CAN,2003,3
Canada,CAN,2004,3
Canada,CAN,2005,2
Canada,CAN,2006,2
Canada,CAN,2007,3
Canada,CAN,2008,3
Canada,CAN,2009,3
Canada,CAN,2010,3
Canada,CAN,2011,2
Cape Verde,CPV,2001,1
Cape Verde,CPV,2003,1
Cape Verde,CPV,2004,1
Cape Verde,CPV,2005,1
Cape Verde,CPV,2006,1
Cape Verde,CPV,2007,1
Cape Verde,CPV,2008,1
Cape Verde,CPV,2009,1
Cape Verde,CPV,2010,1
Cape Verde,CPV,2011,1
Central African Republic,CAF,1981,0
Central African Republic,CAF,1982,1
Central African Republic,CAF,1983,1
Central African Republic,CAF,1984,0
Central African Republic,CAF,1985,1
Central African Republic,CAF,1986,1
Central African Republic,CAF,1987,0
Central African Republic,CAF,1988,1
Central African Republic,CAF,1989,1
Central African Republic,CAF,1990,1
Central African Republic,CAF,1991,1
Central African Republic,CAF,1992,1
Central African Republic,CAF,1993,1
Central African Republic,CAF,1994,1
Central African Republic,CAF,1995,1
Central African Republic,CAF,1996,1
Central African Republic,CAF,1997,1
Central African Republic,CAF,1998,1
Central African Republic,CAF,1999,1
Central African Republic,CAF,2000,1
Central African Republic,CAF,2001,1
Central African Republic,CAF,2002,1
Central African Republic,CAF,2003,0
Central African Republic,CAF,2004,1
Central African Republic,CAF,2005,0
Central African Republic,CAF,2006,0
Central African Republic,CAF,2007,0
Central African Republic,CAF,2008,1
Central African Republic,CAF,2009,0
Central African Republic,CAF,2010,1
Central African Republic,CAF,2011,1
Chad,TCD,1984,1
Chad,TCD,1985,1
Chad,TCD,1986,1
Chad,TCD,1987,1
Chad,TCD,1988,1
Chad,TCD,1989,1
Chad,TCD,1990,1
Chad,TCD,1993,1
Chad,TCD,1994,0
Chad,TCD,1995,0
Chad,TCD,1996,1
Chad,TCD,1997,1
Chad,TCD,1998,1
Chad,TCD,1999,1
Chad,TCD,2000,1
Chad,TCD,2001,1
Chad,TCD,2002,1
Chad,TCD,2003,0
Chad,TCD,2004,0
Chad,TCD,2005,0
Chad,TCD,2006,0
Chad,TCD,2007,0
Chad,TCD,2008,0
Chad,TCD,2009,0
Chad,TCD,2010,0
Chad,TCD,2011,0
Chile,CHL,1982,2
Chile,CHL,1983,2
Chile,CHL,1984,2
Chile,CHL,1985,2
Chile,CHL,1986,2
Chile,CHL,1987,2
Chile,CHL,1988,2
Chile,CHL,1989,1
Chile,CHL,1990,1
Chile,CHL,1991,1
Chile,CHL,1993,0
Chile,CHL,1996,1
Chile,CHL,1997,1
Chile,CHL,1998,1
Chile,CHL,1999,1
Chile,CHL,2000,1
Chile,CHL,2001,1
Chile,CHL,2002,1
Chile,CHL,2003,1
Chile,CHL,2004,1
Chile,CHL,2005,2
Chile,CHL,2006,2
Chile,CHL,2007,1
Chile,CHL,2008,1
Chile,CHL,2009,2
Chile,CHL,2010,2
Chile,CHL,2011,1
China,CHN,1981,1
China,CHN,1982,1
China,CHN,1983,1
China,CHN,1984,1
China,CHN,1985,1
China,CHN,1986,1
China,CHN,1987,1
China,CHN,1988,1
China,CHN,1989,1
China,CHN,1990,1
China,CHN,1991,1
China,CHN,1992,1
China,CHN,1993,1
China,CHN,1994,1
China,CHN,1995,1
China,CHN,1996,1
China,CHN,1997,1
China,CHN,1998,1
China,CHN,1999,1
China,CHN,2000,1
China,CHN,2001,1
China,CHN,2002,1
China,CHN,2003,1
China,CHN,2004,1
China,CHN,2005,1
China,CHN,2006,1
China,CHN,2007,1
China,CHN,2008,1
China,CHN,2009,1
China,CHN,2010,1
China,CHN,2011,1
Colombia,COL,1981,2
Colombia,COL,1982,2
Colombia,COL,1983,2
Colombia,COL,1984,1
Colombia,COL,1985,2
Colombia,COL,1986,2
Colombia,COL,1987,1
Colombia,COL,1988,1
Colombia,COL,1989,2
Colombia,COL,1990,1
Colombia,COL,1991,1
Colombia,COL,1992,1
Colombia,COL,1993,1
Colombia,COL,1994,1
Colombia,COL,1995,1
Colombia,COL,1996,1
Colombia,COL,1997,1
Colombia,COL,1998,1
Colombia,COL,1999,1
Colombia,COL,2000,1
Colombia,COL,2001,1
Colombia,COL,2002,1
Colombia,COL,2003,1
Colombia,COL,2004,1
Colombia,COL,2005,1
Colombia,COL,2006,1
Colombia,COL,2007,2
Colombia,COL,2008,1
Colombia,COL,2009,1
Colombia,COL,2010,1
Colombia,COL,2011,1
Comoros,COM,2001,1
Comoros,COM,2003,1
Comoros,COM,2004,1
Comoros,COM,2005,1
Comoros,COM,2006,1
Comoros,COM,2007,1
Comoros,COM,2008,1
Comoros,COM,2009,1
Comoros,COM,2010,1
Comoros,COM,2011,1
Congo,COG,1981,1
Congo,COG,1982,1
Congo,COG,1983,1
Congo,COG,1984,1
Congo,COG,1985,1
Congo,COG,1986,1
Congo,COG,1987,1
Congo,COG,1988,1
Congo,COG,1989,1
Congo,COG,1990,1
Congo,COG,1991,1
Congo,COG,1992,1
Congo,COG,1993,1
Congo,COG,1994,1
Congo,COG,1995,1
Congo,COG,1996,1
Congo,COG,1997,1
Congo,COG,1998,1
Congo,COG,1999,1
Congo,COG,2000,1
Congo,COG,2001,1
Congo,COG,2002,1
Congo,COG,2003,1
Congo,COG,2004,1
Congo,COG,2005,1
Congo,COG,2006,1
Congo,COG,2007,1
Congo,COG,2008,1
Congo,COG,2009,1
Congo,COG,2010,1
Congo,COG,2011,0
"Congo, Democratic Republic",,1981,1
"Congo, Democratic Republic",,1982,1
"Congo, Democratic Republic",,1983,1
"Congo, Democratic Republic",,1984,1
"Congo, Democratic Republic",,1985,1
"Congo, Democratic Republic",,1986,1
"Congo, Democratic Republic",,1987,0
"Congo, Democratic Republic",,1988,2
"Congo, Democratic Republic",,1989,1
"Congo, Democratic Republic",,1990,0
"Congo, Democratic Republic",,1991,1
"Congo, Democratic Republic",,2001,1
"Congo, Democratic Republic",,2002,1
"Congo, Democratic Republic",,2003,1
"Congo, Democratic Republic",,2004,0
"Congo, Democratic Republic",,2005,0
"Congo, Democratic Republic",,2006,0
"Congo, Democratic Republic",,2007,0
"Congo, Democratic Republic",,2008,0
"Congo, Democratic Republic",,2009,0
"Congo, Democratic Republic",,2010,0
"Congo, Democratic Republic",,2011,0
Costa Rica,CRI,1981,2
Costa Rica,CRI,1982,3
Costa Rica,CRI,1983,3
Costa Rica,CRI,1984,2
Costa Rica,CRI,1985,2
Costa Rica,CRI,1986,3
Costa Rica,CRI,1987,2
Costa Rica,CRI,1988,2
Costa Rica,CRI,1989,3
Costa Rica,CRI,1990,2
Costa Rica,CRI,1991,2
Costa Rica,CRI,1992,2
Costa Rica,CRI,1993,2
Costa Rica,CRI,1994,1
Costa Rica,CRI,1995,2
Costa Rica,CRI,1996,2
Costa Rica,CRI,1997,2
Costa Rica,CRI,1998,3
Costa Rica,CRI,1999,2
Costa Rica,CRI,2000,2
Costa Rica,CRI,2001,2
Costa Rica,CRI,2002,2
Costa Rica,CRI,2003,2
Costa Rica,CRI,2004,2
Costa Rica,CRI,2005,3
Costa Rica,CRI,2006,3
Costa Rica,CRI,2007,2
Costa Rica,CRI,2008,2
Costa Rica,CRI,2009,2
Costa Rica,CRI,2010,3
Costa Rica,CRI,2011,3
Cote d'Ivoire,CIV,1981,1
Cote d'Ivoire,CIV,1982,1
Cote d'Ivoire,CIV,1983,1
Cote d'Ivoire,CIV,1984,1
Cote d'Ivoire,CIV,1985,1
Cote d'Ivoire,CIV,1986,1
Cote d'Ivoire,CIV,1987,1
Cote d'Ivoire,CIV,1988,1
Cote d'Ivoire,CIV,1989,1
Cote d'Ivoire,CIV,1990,1
Cote d'Ivoire,CIV,1991,1
Cote d'Ivoire,CIV,1992,1
Cote d'Ivoire,CIV,1993,1
Cote d'Ivoire,CIV,1994,1
Cote d'Ivoire,CIV,1995,1
Cote d'Ivoire,CIV,1996,2
Cote d'Ivoire,CIV,1997,2
Cote d'Ivoire,CIV,1998,2
Cote d'Ivoire,CIV,1999,2
Cote d'Ivoire,CIV,2000,2
Cote d'Ivoire,CIV,2001,2
Cote d'Ivoire,CIV,2002,2
Cote d'Ivoire,CIV,2003,1
Cote d'Ivoire,CIV,2004,1
Cote d'Ivoire,CIV,2005,1
Cote d'Ivoire,CIV,2006,1
Cote d'Ivoire,CIV,2007,1
Cote d'Ivoire,CIV,2008,1
Cote d'Ivoire,CIV,2009,1
Cote d'Ivoire,CIV,2010,1
Cote d'Ivoire,CIV,2011,1
Croatia,HRV,1992,2
Croatia,HRV,1993,2
Croatia,HRV,1994,1
Croatia,HRV,1995,1
Croatia,HRV,1996,1
Croatia,HRV,1997,2
Croatia,HRV,1998,2
Croatia,HRV,1999,1
Croatia,HRV,2000,1
Croatia,HRV,2001,2
Croatia,HRV,2002,2
Croatia,HRV,2003,1
Croatia,HRV,2004,1
Croatia,HRV,2005,1
Croatia,HRV,2006,1
Croatia,HRV,2007,1
Croatia,HRV,2008,1
Croatia,HRV,2009,2
Croatia,HRV,2010,2
Croatia,HRV,2011,2
Cuba,CUB,1981,1
Cuba,CUB,1982,1
Cuba,CUB,1983,1
Cuba,CUB,1984,1
Cuba,CUB,1985,1
Cuba,CUB,1986,1
Cuba,CUB,1988,2
Cuba,CUB,1989,2
Cuba,CUB,1990,2
Cuba,CUB,1991,2
Cuba,CUB,1992,2
Cuba,CUB,1993,2
Cuba,CUB,1994,2
Cuba,CUB,1995,2
Cuba,CUB,1996,2
Cuba,CUB,1997,2
Cuba,CUB,1998,2
Cuba,CUB,1999,2
Cuba,CUB,2000,2
Cuba,CUB,2001,2
Cuba,CUB,2002,2
Cuba,CUB,2003,2
Cuba,CUB,2004,3
Cuba,CUB,2005,3
Cuba,CUB,2006,3
Cuba,CUB,2007,3
Cuba,CUB,2008,1
Cuba,CUB,2009,3
Cuba,CUB,2010,3
Cuba,CUB,2011,3
Cyprus,CYP,1981,1
Cyprus,CYP,1982,2
Cyprus,CYP,1983,2
Cyprus,CYP,1984,1
Cyprus,CYP,1985,1
Cyprus,CYP,1986,2
Cyprus,CYP,1987,2
Cyprus,CYP,1988,2
Cyprus,CYP,1989,2
Cyprus,CYP,1990,1
Cyprus,CYP,1991,2
Cyprus,CYP,1992,2
Cyprus,CYP,1993,1
Cyprus,CYP,1994,1
Cyprus,CYP,1995,1
Cyprus,CYP,1996,1
Cyprus,CYP,1997,1
Cyprus,CYP,1998,2
Cyprus,CYP,1999,2
Cyprus,CYP,2000,2
Cyprus,CYP,2001,2
Cyprus,CYP,2002,2
Cyprus,CYP,2003,1
Cyprus,CYP,2004,2
Cyprus,CYP,2005,2
Cyprus,CYP,2006,1
Cyprus,CYP,2007,2
Cyprus,CYP,2008,2
Cyprus,CYP,2009,2
Cyprus,CYP,2010,2
Cyprus,CYP,2011,1
Czech Republic,CZE,1993,2
Czech Republic,CZE,1994,2
Czech Republic,CZE,1995,2
Czech Republic,CZE,1996,2
Czech Republic,CZE,1997,2
Czech Republic,CZE,1998,2
Czech Republic,CZE,1999,2
Czech Republic,CZE,2000,2
Czech Republic,CZE,2001,2
Czech Republic,CZE,2002,2
Czech Republic,CZE,2003,1
Czech Republic,CZE,2004,2
Czech Republic,CZE,2005,1
Czech Republic,CZE,2006,2
Czech Republic,CZE,2007,2
Czech Republic,CZE,2008,2
Czech Republic,CZE,2009,2
Czech Republic,CZE,2010,1
Czech Republic,CZE,2011,2
Czechoslovakia,OWID_CZS,1981,1
Czechoslovakia,OWID_CZS,1982,2
Czechoslovakia,OWID_CZS,1983,2
Czechoslovakia,OWID_CZS,1984,1
Czechoslovakia,OWID_CZS,1985,2
Czechoslovakia,OWID_CZS,1986,2
Czechoslovakia,OWID_CZS,1987,1
Czechoslovakia,OWID_CZS,1988,2
Czechoslovakia,OWID_CZS,1989,2
Czechoslovakia,OWID_CZS,1990,1
Czechoslovakia,OWID_CZS,1991,2
Czechoslovakia,OWID_CZS,1992,2
Denmark,DNK,1981,2
Denmark,DNK,1982,3
Denmark,DNK,1983,2
Denmark,DNK,1984,2
Denmark,DNK,1985,2
Denmark,DNK,1986,2
Denmark,DNK,1987,2
Denmark,DNK,1988,2
Denmark,DNK,1989,2
Denmark,DNK,1990,2
Denmark,DNK,1991,2
Denmark,DNK,1992,2
Denmark,DNK,1993,2
Denmark,DNK,1994,2
Denmark,DNK,1995,2
Denmark,DNK,1996,2
Denmark,DNK,1997,2
Denmark,DNK,1998,2
Denmark,DNK,1999,2
Denmark,DNK,2000,2
Denmark,DNK,2001,2
Denmark,DNK,2002,2
Denmark,DNK,2003,2
Denmark,DNK,2004,3
Denmark,DNK,2005,2
Denmark,DNK,2006,1
Denmark,DNK,2007,2
Denmark,DNK,2008,3
Denmark,DNK,2009,3
Denmark,DNK,2010,3
Denmark,DNK,2011,3
Djibouti,DJI,2001,1
Djibouti,DJI,2003,1
Djibouti,DJI,2004,1
Djibouti,DJI,2005,1
Djibouti,DJI,2006,2
Djibouti,DJI,2007,1
Djibouti,DJI,2008,1
Djibouti,DJI,2009,1
Djibouti,DJI,2010,1
Djibouti,DJI,2011,1
Dominica,DMA,2001,2
Dominica,DMA,2003,2
Dominica,DMA,2004,1
Dominica,DMA,2005,1
Dominica,DMA,2006,1
Dominica,DMA,2007,2
Dominica,DMA,2008,1
Dominica,DMA,2009,1
Dominica,DMA,2010,1
Dominica,DMA,2011,1
Dominican Republic,DOM,1981,2
Dominican Republic,DOM,1982,2
Dominican Republic,DOM,1983,2
Dominican Republic,DOM,1984,2
Dominican Republic,DOM,1985,2
Dominican Republic,DOM,1986,2
Dominican Republic,DOM,1987,2
Dominican Republic,DOM,1988,2
Dominican Republic,DOM,1989,2
Dominican Republic,DOM,1990,2
Dominican Republic,DOM,1991,2
Dominican Republic,DOM,1992,2
Dominican Republic,DOM,1993,2
Dominican Republic,DOM,1994,1
Dominican Republic,DOM,1995,1
Dominican Republic,DOM,1996,1
Dominican Republic,DOM,1997,1
Dominican Republic,DOM,1998,1
Dominican Republic,DOM,1999,1
Dominican Republic,DOM,2000,1
Dominican Republic,DOM,2001,1
Dominican Republic,DOM,2002,1
Dominican Republic,DOM,2003,1
Dominican Republic,DOM,2004,1
Dominican Republic,DOM,2005,1
Dominican Republic,DOM,2006,1
Dominican Republic,DOM,2007,1
Dominican Republic,DOM,2008,1
Dominican Republic,DOM,2009,1
Dominican Republic,DOM,2010,1
Dominican Republic,DOM,2011,1
Ecuador,ECU,1981,1
Ecuador,ECU,1982,1
Ecuador,ECU,1983,1
Ecuador,ECU,1984,1
Ecuador,ECU,1985,1
Ecuador,ECU,1986,1
Ecuador,ECU,1987,1
Ecuador,ECU,1988,1
Ecuador,ECU,1989,1
Ecuador,ECU,1990,1
Ecuador,ECU,1991,2
Ecuador,ECU,1992,2
Ecuador,ECU,1993,1
Ecuador,ECU,1994,1
Ecuador,ECU,1995,1
Ecuador,ECU,1996,1
Ecuador,ECU,1997,1
Ecuador,ECU,1998,1
Ecuador,ECU,1999,1
Ecuador,ECU,2000,1
Ecuador,ECU,2001,1
Ecuador,ECU,2002,1
Ecuador,ECU,2003,1
Ecuador,ECU,2004,1
Ecuador,ECU,2005,1
Ecuador,ECU,2006,1
Ecuador,ECU,2007,0
Ecuador,ECU,2008,1
Ecuador,ECU,2009,1
Ecuador,ECU,2010,1
Ecuador,ECU,2011,1
Egypt,EGY,1981,1
Egypt,EGY,1982,1
Egypt,EGY,1983,2
Egypt,EGY,1984,1
Egypt,EGY,1985,2
Egypt,EGY,1986,1
Egypt,EGY,1987,1
Egypt,EGY,1988,1
Egypt,EGY,1989,1
Egypt,EGY,1990,1
Egypt,EGY,1991,1
Egypt,EGY,1992,1
Egypt,EGY,1993,1
Egypt,EGY,1994,1
Egypt,EGY,1995,1
Egypt,EGY,1996,1
Egypt,EGY,1997,1
Egypt,EGY,1998,1
Egypt,EGY,1999,1
Egypt,EGY,2000,1
Egypt,EGY,2001,1
Egypt,EGY,2002,1
Egypt,EGY,2003,1
Egypt,EGY,2004,1
Egypt,EGY,2005,1
Egypt,EGY,2006,1
Egypt,EGY,2007,1
Egypt,EGY,2008,1
Egypt,EGY,2009,1
Egypt,EGY,2010,1
Egypt,EGY,2011,0
El Salvador,SLV,1981,1
El Salvador,SLV,1982,1
El Salvador,SLV,1983,1
El Salvador,SLV,1984,1
El Salvador,SLV,1985,2
El Salvador,SLV,1986,2
El Salvador,SLV,1987,1
El Salvador,SLV,1988,2
El Salvador,SLV,1989,2
El Salvador,SLV,1990,1
El Salvador,SLV,1991,1
El Salvador,SLV,1992,1
El Salvador,SLV,1993,1
El Salvador,SLV,1994,1
El Salvador,SLV,1995,1
El Salvador,SLV,1996,1
El Salvador,SLV,1997,1
El Salvador,SLV,1998,2
El Salvador,SLV,1999,1
El Salvador,SLV,2000,1
El Salvador,SLV,2001,1
El Salvador,SLV,2002,1
El Salvador,SLV,2003,1
El Salvador,SLV,2004,2
El Salvador,SLV,2005,1
El Salvador,SLV,2006,1
El Salvador,SLV,2007,1
El Salvador,SLV,2008,1
El Salvador,SLV,2009,1
El Salvador,SLV,2010,1
El Salvador,SLV,2011,1
Equatorial Guinea,GNQ,2001,1
Equatorial Guinea,GNQ,2003,1
Equatorial Guinea,GNQ,2004,1
Equatorial Guinea,GNQ,2005,1
Equatorial Guinea,GNQ,2006,1
Equatorial Guinea,GNQ,2007,1
Equatorial Guinea,GNQ,2008,2
Equatorial Guinea,GNQ,2009,1
Equatorial Guinea,GNQ,2010,1
Equatorial Guinea,GNQ,2011,1
Eritrea,ERI,1993,1
Eritrea,ERI,1994,1
Eritrea,ERI,1995,1
Eritrea,ERI,1996,1
Eritrea,ERI,1997,1
Eritrea,ERI,1998,1
Eritrea,ERI,1999,1
Eritrea,ERI,2000,1
Eritrea,ERI,2001,1
Eritrea,ERI,2002,1
Eritrea,ERI,2003,1
Eritrea,ERI,2004,1
Eritrea,ERI,2005,1
Eritrea,ERI,2006,1
Eritrea,ERI,2007,1
Eritrea,ERI,2008,1
Eritrea,ERI,2009,1
Eritrea,ERI,2010,1
Eritrea,ERI,2011,1
Estonia,EST,1992,3
Estonia,EST,1993,2
Estonia,EST,1994,2
Estonia,EST,1995,2
Estonia,EST,1996,2
Estonia,EST,1997,2
Estonia,EST,1998,2
Estonia,EST,1999,2
Estonia,EST,2000,2
Estonia,EST,2001,2
Estonia,EST,2002,2
Estonia,EST,2003,2
Estonia,EST,2004,2
Estonia,EST,2005,2
Estonia,EST,2006,0
Estonia,EST,2007,1
Estonia,EST,2008,2
Estonia,EST,2009,2
Estonia,EST,2010,2
Estonia,EST,2011,2
Ethiopia,ETH,1993,1
Ethiopia,ETH,1994,1
Ethiopia,ETH,1995,2
Ethiopia,ETH,1996,1
Ethiopia,ETH,1997,1
Ethiopia,ETH,1998,1
Ethiopia,ETH,1999,1
Ethiopia,ETH,2000,1
Ethiopia,ETH,2001,1
Ethiopia,ETH,2002,1
Ethiopia,ETH,2003,1
Ethiopia,ETH,2004,1
Ethiopia,ETH,2005,1
Ethiopia,ETH,2006,1
Ethiopia,ETH,2007,0
Ethiopia,ETH,2008,0
Ethiopia,ETH,2009,0
Ethiopia,ETH,2010,0
Ethiopia,ETH,2011,0
Ethiopia (pre 1992),,1981,1
Ethiopia (pre 1992),,1982,1
Ethiopia (pre 1992),,1983,1
Ethiopia (pre 1992),,1984,0
Ethiopia (pre 1992),,1985,1
Ethiopia (pre 1992),,1986,0
Ethiopia (pre 1992),,1987,1
Ethiopia (pre 1992),,1988,1
Ethiopia (pre 1992),,1989,1
Ethiopia (pre 1992),,1990,1
Ethiopia (pre 1992),,1992,1
Fiji,FJI,1981,1
Fiji,FJI,1982,1
Fiji,FJI,1983,1
Fiji,FJI,1984,1
Fiji,FJI,1985,1
Fiji,FJI,1986,1
Fiji,FJI,1987,1
Fiji,FJI,1988,1
Fiji,FJI,1989,1
Fiji,FJI,1990,1
Fiji,FJI,1991,1
Fiji,FJI,1992,2
Fiji,FJI,1993,1
Fiji,FJI,1994,2
Fiji,FJI,1995,2
Fiji,FJI,1996,2
Fiji,FJI,1997,2
Fiji,FJI,1998,2
Fiji,FJI,1999,2
Fiji,FJI,2000,2
Fiji,FJI,2001,2
Fiji,FJI,2002,2
Fiji,FJI,2003,2
Fiji,FJI,2004,2
Fiji,FJI,2005,2
Fiji,FJI,2006,2
Fiji,FJI,2007,2
Fiji,FJI,2008,2
Fiji,FJI,2009,2
Fiji,FJI,2010,2
Fiji,FJI,2011,2
Finland,FIN,1981,2
Finland,FIN,1982,3
Finland,FIN,1983,2
Finland,FIN,1984,2
Finland,FIN,1985,3
Finland,FIN,1986,3
Finland,FIN,1987,2
Finland,FIN,1988,3
Finland,FIN,1989,3
Finland,FIN,1990,2
Finland,FIN,1991,3
Finland,FIN,1992,3
Finland,FIN,1993,2
Finland,FIN,1994,3
Finland,FIN,1995,3
Finland,FIN,1996,2
Finland,FIN,1997,2
Finland,FIN,1998,3
Finland,FIN,1999,3
Finland,FIN,2000,3
Finland,FIN,2001,2
Finland,FIN,2002,2
Finland,FIN,2003,2
Finland,FIN,2004,2
Finland,FIN,2005,2
Finland,FIN,2006,2
Finland,FIN,2007,3
Finland,FIN,2008,2
Finland,FIN,2009,3
Finland,FIN,2010,3
Finland,FIN,2011,3
France,FRA,1981,2
France,FRA,1982,2
France,FRA,1983,2
France,FRA,1984,2
France,FRA,1985,2
France,FRA,1986,2
France,FRA,1987,2
France,FRA,1988,2
France,FRA,1989,2
France,FRA,1990,2
France,FRA,1991,2
France,FRA,1992,3
France,FRA,1993,2
France,FRA,1994,2
France,FRA,1995,3
France,FRA,1996,2
France,FRA,1997,2
France,FRA,1998,3
France,FRA,1999,2
France,FRA,2000,2
France,FRA,2001,2
France,FRA,2002,2
France,FRA,2003,2
France,FRA,2004,2
France,FRA,2005,2
France,FRA,2006,2
France,FRA,2007,3
France,FRA,2008,2
France,FRA,2009,3
France,FRA,2010,3
France,FRA,2011,2
Gabon,GAB,1981,1
Gabon,GAB,1982,1
Gabon,GAB,1983,2
Gabon,GAB,1984,1
Gabon,GAB,1985,2
Gabon,GAB,1986,2
Gabon,GAB,1987,1
Gabon,GAB,1988,1
Gabon,GAB,1989,2
Gabon,GAB,1990,1
Gabon,GAB,1991,1
Gabon,GAB,1992,1
Gabon,GAB,1993,1
Gabon,GAB,1994,2
Gabon,GAB,1995,2
Gabon,GAB,1996,1
Gabon,GAB,1997,1
Gabon,GAB,1998,1
Gabon,GAB,1999,1
Gabon,GAB,2000,1
Gabon,GAB,2001,1
Gabon,GAB,2002,1
Gabon,GAB,2003,1
Gabon,GAB,2004,1
Gabon,GAB,2005,1
Gabon,GAB,2006,1
Gabon,GAB,2007,1
Gabon,GAB,2008,1
Gabon,GAB,2009,1
Gabon,GAB,2010,1
Gabon,GAB,2011,0
Gambia,GMB,1981,1
Gambia,GMB,1982,1
Gambia,GMB,1983,1
Gambia,GMB,1984,0
Gambia,GMB,1985,1
Gambia,GMB,1986,1
Gambia,GMB,1987,1
Gambia,GMB,1988,2
Gambia,GMB,1989,2
Gambia,GMB,1990,1
Gambia,GMB,1991,1
Gambia,GMB,1992,1
Gambia,GMB,1993,1
Gambia,GMB,1994,1
Gambia,GMB,1995,1
Gambia,GMB,1996,1
Gambia,GMB,1997,1
Gambia,GMB,1998,1
Gambia,GMB,1999,1
Gambia,GMB,2000,1
Gambia,GMB,2001,1
Gambia,GMB,2002,1
Gambia,GMB,2003,1
Gambia,GMB,2004,1
Gambia,GMB,2005,1
Gambia,GMB,2006,0
Gambia,GMB,2007,1
Gambia,GMB,2008,0
Gambia,GMB,2009,1
Gambia,GMB,2010,2
Gambia,GMB,2011,1
Georgia,GEO,1992,1
Georgia,GEO,1993,1
Georgia,GEO,1994,2
Georgia,GEO,1995,1
Georgia,GEO,1996,1
Georgia,GEO,1997,2
Georgia,GEO,1998,2
Georgia,GEO,1999,1
Georgia,GEO,2000,1
Georgia,GEO,2001,1
Georgia,GEO,2002,1
Georgia,GEO,2003,1
Georgia,GEO,2004,1
Georgia,GEO,2005,1
Georgia,GEO,2006,1
Georgia,GEO,2007,1
Georgia,GEO,2008,0
Georgia,GEO,2009,1
Georgia,GEO,2010,1
Georgia,GEO,2011,1
Germany,DEU,1991,2
Germany,DEU,1992,3
Germany,DEU,1993,2
Germany,DEU,1994,3
Germany,DEU,1995,3
Germany,DEU,1996,2
Germany,DEU,1997,2
Germany,DEU,1998,2
Germany,DEU,1999,2
Germany,DEU,2000,2
Germany,DEU,2001,2
Germany,DEU,2002,2
Germany,DEU,2003,2
Germany,DEU,2004,3
Germany,DEU,2005,2
Germany,DEU,2006,2
Germany,DEU,2007,3
Germany,DEU,2008,2
Germany,DEU,2009,3
Germany,DEU,2010,3
Germany,DEU,2011,3
Ghana,GHA,1981,2
Ghana,GHA,1982,2
Ghana,GHA,1983,2
Ghana,GHA,1984,2
Ghana,GHA,1985,2
Ghana,GHA,1986,2
Ghana,GHA,1987,2
Ghana,GHA,1988,2
Ghana,GHA,1989,2
Ghana,GHA,1990,1
Ghana,GHA,1991,1
Ghana,GHA,1992,1
Ghana,GHA,1993,1
Ghana,GHA,1994,1
Ghana,GHA,1995,1
Ghana,GHA,1996,2
Ghana,GHA,1997,2
Ghana,GHA,1998,2
Ghana,GHA,1999,1
Ghana,GHA,2000,1
Ghana,GHA,2001,2
Ghana,GHA,2002,2
Ghana,GHA,2003,1
Ghana,GHA,2004,1
Ghana,GHA,2005,1
Ghana,GHA,2006,1
Ghana,GHA,2007,0
Ghana,GHA,2008,1
Ghana,GHA,2009,1
Ghana,GHA,2010,1
Ghana,GHA,2011,1
Greece,GRC,1981,1
Greece,GRC,1982,2
Greece,GRC,1983,2
Greece,GRC,1984,1
Greece,GRC,1985,2
Greece,GRC,1986,2
Greece,GRC,1987,1
Greece,GRC,1988,2
Greece,GRC,1989,2
Greece,GRC,1990,2
Greece,GRC,1991,2
Greece,GRC,1992,2
Greece,GRC,1993,2
Greece,GRC,1994,2
Greece,GRC,1995,2
Greece,GRC,1996,2
Greece,GRC,1997,2
Greece,GRC,1998,2
Greece,GRC,1999,2
Greece,GRC,2000,2
Greece,GRC,2001,2
Greece,GRC,2002,2
Greece,GRC,2003,2
Greece,GRC,2004,1
Greece,GRC,2005,2
Greece,GRC,2006,2
Greece,GRC,2007,2
Greece,GRC,2008,2
Greece,GRC,2009,2
Greece,GRC,2010,2
Greece,GRC,2011,2
Grenada,GRD,2001,1
Grenada,GRD,2003,1
Grenada,GRD,2004,2
Grenada,GRD,2005,2
Grenada,GRD,2006,2
Grenada,GRD,2007,2
Grenada,GRD,2008,2
Grenada,GRD,2009,2
Grenada,GRD,2010,2
Grenada,GRD,2011,2
Guatemala,GTM,1981,1
Guatemala,GTM,1982,1
Guatemala,GTM,1983,1
Guatemala,GTM,1984,1
Guatemala,GTM,1985,1
Guatemala,GTM,1987,1
Guatemala,GTM,1988,1
Guatemala,GTM,1989,1
Guatemala,GTM,1990,1
Guatemala,GTM,1991,1
Guatemala,GTM,1992,1
Guatemala,GTM,1993,1
Guatemala,GTM,1994,1
Guatemala,GTM,1995,1
Guatemala,GTM,1996,1
Guatemala,GTM,1997,1
Guatemala,GTM,1998,1
Guatemala,GTM,1999,1
Guatemala,GTM,2000,1
Guatemala,GTM,2001,1
Guatemala,GTM,2002,1
Guatemala,GTM,2003,1
Guatemala,GTM,2004,1
Guatemala,GTM,2005,1
Guatemala,GTM,2006,2
Guatemala,GTM,2007,2
Guatemala,GTM,2008,1
Guatemala,GTM,2009,1
Guatemala,GTM,2010,1
Guatemala,GTM,2011,1
Guinea,GIN,1981,2
Guinea,GIN,1982,2
Guinea,GIN,1983,2
Guinea,GIN,1984,2
Guinea,GIN,1985,2
Guinea,GIN,1986,2
Guinea,GIN,1987,1
Guinea,GIN,1988,2
Guinea,GIN,1989,1
Guinea,GIN,1990,1
Guinea,GIN,1991,1
Guinea,GIN,1992,1
Guinea,GIN,1993,1
Guinea,GIN,1994,1
Guinea,GIN,1995,1
Guinea,GIN,1996,2
Guinea,GIN,1997,1
Guinea,GIN,1998,1
Guinea,GIN,1999,1
Guinea,GIN,2000,1
Guinea,GIN,2001,2
Guinea,GIN,2002,2
Guinea,GIN,2003,1
Guinea,GIN,2004,1
Guinea,GIN,2005,1
Guinea,GIN,2006,1
Guinea,GIN,2007,1
Guinea,GIN,2008,1
Guinea,GIN,2009,0
Guinea,GIN,2010,0
Guinea,GIN,2011,0
Guinea-Bissau,GNB,1983,1
Guinea-Bissau,GNB,1984,1
Guinea-Bissau,GNB,1985,1
Guinea-Bissau,GNB,1986,1
Guinea-Bissau,GNB,1987,1
Guinea-Bissau,GNB,1988,1
Guinea-Bissau,GNB,1989,1
Guinea-Bissau,GNB,1990,1
Guinea-Bissau,GNB,1991,1
Guinea-Bissau,GNB,1992,1
Guinea-Bissau,GNB,1993,1
Guinea-Bissau,GNB,1994,1
Guinea-Bissau,GNB,1995,1
Guinea-Bissau,GNB,1996,1
Guinea-Bissau,GNB,1997,1
Guinea-Bissau,GNB,1999,1
Guinea-Bissau,GNB,2000,1
Guinea-Bissau,GNB,2001,1
Guinea-Bissau,GNB,2002,1
Guinea-Bissau,GNB,2003,0
Guinea-Bissau,GNB,2004,0
Guinea-Bissau,GNB,2005,0
Guinea-Bissau,GNB,2006,1
Guinea-Bissau,GNB,2007,1
Guinea-Bissau,GNB,2008,0
Guinea-Bissau,GNB,2009,1
Guinea-Bissau,GNB,2010,0
Guinea-Bissau,GNB,2011,0
Guyana,GUY,1981,1
Guyana,GUY,1982,1
Guyana,GUY,1983,1
Guyana,GUY,1984,2
Guyana,GUY,1985,2
Guyana,GUY,1986,1
Guyana,GUY,1987,2
Guyana,GUY,1988,1
Guyana,GUY,1989,1
Guyana,GUY,1990,2
Guyana,GUY,1991,1
Guyana,GUY,1992,1
Guyana,GUY,1993,2
Guyana,GUY,1994,0
Guyana,GUY,1995,0
Guyana,GUY,1996,1
Guyana,GUY,1997,2
Guyana,GUY,1998,2
Guyana,GUY,1999,2
Guyana,GUY,2000,1
Guyana,GUY,2001,2
Guyana,GUY,2002,2
Guyana,GUY,2003,2
Guyana,GUY,2004,2
Guyana,GUY,2005,1
Guyana,GUY,2006,1
Guyana,GUY,2007,2
Guyana,GUY,2008,1
Guyana,GUY,2009,1
Guyana,GUY,2010,1
Guyana,GUY,2011,0
Haiti,HTI,1981,1
Haiti,HTI,1982,2
Haiti,HTI,1983,2
Haiti,HTI,1984,1
Haiti,HTI,1985,1
Haiti,HTI,1986,2
Haiti,HTI,1987,2
Haiti,HTI,1988,2
Haiti,HTI,1990,2
Haiti,HTI,1991,1
Haiti,HTI,1992,1
Haiti,HTI,1993,1
Haiti,HTI,1994,1
Haiti,HTI,1995,1
Haiti,HTI,1996,1
Haiti,HTI,1997,1
Haiti,HTI,1998,1
Haiti,HTI,1999,1
Haiti,HTI,2000,1
Haiti,HTI,2001,1
Haiti,HTI,2002,1
Haiti,HTI,2003,1
Haiti,HTI,2004,1
Haiti,HTI,2005,1
Haiti,HTI,2006,0
Haiti,HTI,2007,1
Haiti,HTI,2008,1
Haiti,HTI,2009,0
Haiti,HTI,2010,0
Haiti,HTI,2011,0
Honduras,HND,1981,1
Honduras,HND,1982,1
Honduras,HND,1983,2
Honduras,HND,1984,1
Honduras,HND,1985,2
Honduras,HND,1986,1
Honduras,HND,1987,1
Honduras,HND,1988,1
Honduras,HND,1989,1
Honduras,HND,1990,1
Honduras,HND,1991,2
Honduras,HND,1992,2
Honduras,HND,1993,1
Honduras,HND,1994,2
Honduras,HND,1995,2
Honduras,HND,1996,1
Honduras,HND,1997,1
Honduras,HND,1998,1
Honduras,HND,1999,1
Honduras,HND,2000,1
Honduras,HND,2001,1
Honduras,HND,2002,1
Honduras,HND,2003,1
Honduras,HND,2004,1
Honduras,HND,2005,1
Honduras,HND,2006,1
Honduras,HND,2007,1
Honduras,HND,2008,1
Honduras,HND,2009,1
Honduras,HND,2010,1
Honduras,HND,2011,1
Hungary,HUN,1981,1
Hungary,HUN,1983,2
Hungary,HUN,1984,2
Hungary,HUN,1985,2
Hungary,HUN,1986,2
Hungary,HUN,1987,2
Hungary,HUN,1988,2
Hungary,HUN,1989,2
Hungary,HUN,1990,2
Hungary,HUN,1991,2
Hungary,HUN,1992,3
Hungary,HUN,1993,2
Hungary,HUN,1994,3
Hungary,HUN,1995,3
Hungary,HUN,1996,2
Hungary,HUN,1997,2
Hungary,HUN,1998,2
Hungary,HUN,1999,1
Hungary,HUN,2000,2
Hungary,HUN,2001,2
Hungary,HUN,2002,2
Hungary,HUN,2003,2
Hungary,HUN,2004,2
Hungary,HUN,2005,2
Hungary,HUN,2006,1
Hungary,HUN,2007,2
Hungary,HUN,2008,1
Hungary,HUN,2009,2
Hungary,HUN,2010,1
Hungary,HUN,2011,1
Iceland,ISL,1981,1
Iceland,ISL,1982,2
Iceland,ISL,1983,2
Iceland,ISL,1984,1
Iceland,ISL,1985,2
Iceland,ISL,1986,2
Iceland,ISL,1987,2
Iceland,ISL,1988,2
Iceland,ISL,1989,2
Iceland,ISL,1990,2
Iceland,ISL,1991,2
Iceland,ISL,1992,3
Iceland,ISL,1993,2
Iceland,ISL,1994,3
Iceland,ISL,1995,3
Iceland,ISL,1996,2
Iceland,ISL,1997,2
Iceland,ISL,1998,2
Iceland,ISL,1999,2
Iceland,ISL,2000,2
Iceland,ISL,2001,2
Iceland,ISL,2002,2
Iceland,ISL,2003,3
Iceland,ISL,2004,2
Iceland,ISL,2005,2
Iceland,ISL,2006,2
Iceland,ISL,2007,2
Iceland,ISL,2008,2
Iceland,ISL,2009,2
Iceland,ISL,2010,3
Iceland,ISL,2011,3
India,IND,1981,1
India,IND,1982,1
India,IND,1983,1
India,IND,1984,1
India,IND,1985,1
India,IND,1986,1
India,IND,1987,1
India,IND,1988,1
India,IND,1989,1
India,IND,1990,0
India,IND,1992,1
India,IND,1993,1
India,IND,1994,1
India,IND,1995,1
India,IND,1996,1
India,IND,1997,1
India,IND,1998,1
India,IND,1999,1
India,IND,2000,1
India,IND,2001,1
India,IND,2002,1
India,IND,2003,1
India,IND,2004,1
India,IND,2005,1
India,IND,2006,1
India,IND,2007,1
India,IND,2008,1
India,IND,2009,1
India,IND,2010,1
India,IND,2011,1
Indonesia,IDN,1981,1
Indonesia,IDN,1982,1
Indonesia,IDN,1983,1
Indonesia,IDN,1984,1
Indonesia,IDN,1985,2
Indonesia,IDN,1986,2
Indonesia,IDN,1987,1
Indonesia,IDN,1988,2
Indonesia,IDN,1989,2
Indonesia,IDN,1990,1
Indonesia,IDN,1991,1
Indonesia,IDN,1992,1
Indonesia,IDN,1993,1
Indonesia,IDN,1994,1
Indonesia,IDN,1995,1
Indonesia,IDN,1996,1
Indonesia,IDN,1997,1
Indonesia,IDN,1998,1
Indonesia,IDN,1999,1
Indonesia,IDN,2000,1
Indonesia,IDN,2001,1
Indonesia,IDN,2002,1
Indonesia,IDN,2003,1
Indonesia,IDN,2004,1
Indonesia,IDN,2005,1
Indonesia,IDN,2006,0
Indonesia,IDN,2007,1
Indonesia,IDN,2008,1
Indonesia,IDN,2009,0
Indonesia,IDN,2010,1
Indonesia,IDN,2011,1
Iran,IRN,1981,0
Iran,IRN,1982,0
Iran,IRN,1983,0
Iran,IRN,1984,0
Iran,IRN,1985,0
Iran,IRN,1986,0
Iran,IRN,1987,0
Iran,IRN,1988,0
Iran,IRN,1989,0
Iran,IRN,1990,0
Iran,IRN,1991,0
Iran,IRN,1992,0
Iran,IRN,1993,0
Iran,IRN,1994,0
Iran,IRN,1995,0
Iran,IRN,1996,0
Iran,IRN,1997,0
Iran,IRN,1998,0
Iran,IRN,1999,0
Iran,IRN,2000,0
Iran,IRN,2001,0
Iran,IRN,2002,0
Iran,IRN,2004,0
Iran,IRN,2005,0
Iran,IRN,2006,0
Iran,IRN,2007,0
Iran,IRN,2008,0
Iran,IRN,2009,0
Iran,IRN,2010,0
Iran,IRN,2011,0
Iraq,IRQ,1981,1
Iraq,IRQ,1982,1
Iraq,IRQ,1983,1
Iraq,IRQ,1984,2
Iraq,IRQ,1985,2
Iraq,IRQ,1986,2
Iraq,IRQ,1987,2
Iraq,IRQ,1988,1
Iraq,IRQ,1989,1
Iraq,IRQ,1990,1
Iraq,IRQ,1991,2
Iraq,IRQ,1992,2
Iraq,IRQ,1993,1
Iraq,IRQ,1994,1
Iraq,IRQ,1995,1
Iraq,IRQ,1996,1
Iraq,IRQ,1997,1
Iraq,IRQ,1998,1
Iraq,IRQ,1999,0
Iraq,IRQ,2000,0
Iraq,IRQ,2001,1
Iraq,IRQ,2002,1
Iraq,IRQ,2005,1
Iraq,IRQ,2006,1
Iraq,IRQ,2007,0
Iraq,IRQ,2008,0
Iraq,IRQ,2009,1
Iraq,IRQ,2010,0
Iraq,IRQ,2011,0
Ireland,IRL,1981,2
Ireland,IRL,1982,2
Ireland,IRL,1983,2
Ireland,IRL,1984,1
Ireland,IRL,1985,2
Ireland,IRL,1986,2
Ireland,IRL,1987,2
Ireland,IRL,1988,2
Ireland,IRL,1989,2
Ireland,IRL,1990,2
Ireland,IRL,1991,2
Ireland,IRL,1992,2
Ireland,IRL,1993,2
Ireland,IRL,1994,2
Ireland,IRL,1995,3
Ireland,IRL,1996,2
Ireland,IRL,1997,2
Ireland,IRL,1998,2
Ireland,IRL,1999,2
Ireland,IRL,2000,2
Ireland,IRL,2001,2
Ireland,IRL,2002,2
Ireland,IRL,2003,2
Ireland,IRL,2004,2
Ireland,IRL,2005,2
Ireland,IRL,2006,2
Ireland,IRL,2007,3
Ireland,IRL,2008,2
Ireland,IRL,2009,3
Ireland,IRL,2010,3
Ireland,IRL,2011,3
Israel,ISR,1981,2
Israel,ISR,1982,2
Israel,ISR,1983,2
Israel,ISR,1984,2
Israel,ISR,1985,2
Israel,ISR,1986,2
Israel,ISR,1987,2
Israel,ISR,1988,2
Israel,ISR,1989,2
Israel,ISR,1990,2
Israel,ISR,1991,2
Israel,ISR,1992,2
Israel,ISR,1993,2
Israel,ISR,1994,2
Israel,ISR,1995,2
Israel,ISR,1996,2
Israel,ISR,1997,2
Israel,ISR,1998,2
Israel,ISR,1999,2
Israel,ISR,2000,2
Israel,ISR,2001,2
Israel,ISR,2002,2
Israel,ISR,2003,2
Israel,ISR,2004,2
Israel,ISR,2005,2
Israel,ISR,2006,1
Israel,ISR,2007,1
Israel,ISR,2008,1
Israel,ISR,2009,1
Israel,ISR,2010,2
Israel,ISR,2011,1
Italy,ITA,1981,2
Italy,ITA,1982,1
Italy,ITA,1983,1
Italy,ITA,1984,2
Italy,ITA,1985,1
Italy,ITA,1986,1
Italy,ITA,1987,2
Italy,ITA,1988,2
Italy,ITA,1989,2
Italy,ITA,1990,2
Italy,ITA,1991,2
Italy,ITA,1992,2
Italy,ITA,1993,2
Italy,ITA,1994,2
Italy,ITA,1995,2
Italy,ITA,1996,2
Italy,ITA,1997,2
Italy,ITA,1998,2
Italy,ITA,1999,2
Italy,ITA,2000,2
Italy,ITA,2001,2
Italy,ITA,2002,2
Italy,ITA,2003,2
Italy,ITA,2004,2
Italy,ITA,2005,2
Italy,ITA,2006,2
Italy,ITA,2007,3
Italy,ITA,2008,2
Italy,ITA,2009,2
Italy,ITA,2010,3
Italy,ITA,2011,3
Jamaica,JAM,1981,1
Jamaica,JAM,1982,1
Jamaica,JAM,1983,1
Jamaica,JAM,1984,2
Jamaica,JAM,1985,2
Jamaica,JAM,1986,1
Jamaica,JAM,1987,2
Jamaica,JAM,1988,1
Jamaica,JAM,1989,1
Jamaica,JAM,1990,2
Jamaica,JAM,1991,2
Jamaica,JAM,1992,2
Jamaica,JAM,1993,2
Jamaica,JAM,1994,2
Jamaica,JAM,1995,2
Jamaica,JAM,1996,2
Jamaica,JAM,1997,2
Jamaica,JAM,1998,1
Jamaica,JAM,1999,2
Jamaica,JAM,2000,2
Jamaica,JAM,2001,2
Jamaica,JAM,2002,2
Jamaica,JAM,2003,1
Jamaica,JAM,2004,1
Jamaica,JAM,2005,1
Jamaica,JAM,2006,1
Jamaica,JAM,2007,2
Jamaica,JAM,2008,2
Jamaica,JAM,2009,1
Jamaica,JAM,2010,1
Jamaica,JAM,2011,1
Japan,JPN,1981,1
Japan,JPN,1982,1
Japan,JPN,1983,1
Japan,JPN,1984,1
Japan,JPN,1985,1
Japan,JPN,1986,1
Japan,JPN,1987,1
Japan,JPN,1988,1
Japan,JPN,1989,1
Japan,JPN,1990,1
Japan,JPN,1991,1
Japan,JPN,1992,1
Japan,JPN,1993,1
Japan,JPN,1994,1
Japan,JPN,1995,1
Japan,JPN,1996,1
Japan,JPN,1997,2
Japan,JPN,1998,2
Japan,JPN,1999,2
Japan,JPN,2000,1
Japan,JPN,2001,1
Japan,JPN,2002,1
Japan,JPN,2003,1
Japan,JPN,2004,1
Japan,JPN,2005,2
Japan,JPN,2006,1
Japan,JPN,2007,1
Japan,JPN,2008,1
Japan,JPN,2009,1
Japan,JPN,2010,1
Japan,JPN,2011,1
Jordan,JOR,1981,1
Jordan,JOR,1982,1
Jordan,JOR,1983,1
Jordan,JOR,1984,1
Jordan,JOR,1985,1
Jordan,JOR,1986,2
Jordan,JOR,1987,1
Jordan,JOR,1988,1
Jordan,JOR,1989,2
Jordan,JOR,1990,1
Jordan,JOR,1991,1
Jordan,JOR,1992,1
Jordan,JOR,1993,1
Jordan,JOR,1994,1
Jordan,JOR,1995,1
Jordan,JOR,1996,1
Jordan,JOR,1997,1
Jordan,JOR,1998,1
Jordan,JOR,1999,1
Jordan,JOR,2000,1
Jordan,JOR,2001,1
Jordan,JOR,2002,1
Jordan,JOR,2003,1
Jordan,JOR,2004,1
Jordan,JOR,2005,1
Jordan,JOR,2006,1
Jordan,JOR,2007,1
Jordan,JOR,2008,0
Jordan,JOR,2009,0
Jordan,JOR,2010,0
Jordan,JOR,2011,0
Kazakhstan,KAZ,1992,1
Kazakhstan,KAZ,1993,1
Kazakhstan,KAZ,1994,1
Kazakhstan,KAZ,1995,1
Kazakhstan,KAZ,1996,1
Kazakhstan,KAZ,1997,1
Kazakhstan,KAZ,1998,1
Kazakhstan,KAZ,1999,1
Kazakhstan,KAZ,2000,1
Kazakhstan,KAZ,2001,1
Kazakhstan,KAZ,2002,1
Kazakhstan,KAZ,2003,1
Kazakhstan,KAZ,2004,1
Kazakhstan,KAZ,2005,1
Kazakhstan,KAZ,2006,1
Kazakhstan,KAZ,2007,1
Kazakhstan,KAZ,2008,1
Kazakhstan,KAZ,2009,1
Kazakhstan,KAZ,2010,1
Kazakhstan,KAZ,2011,1
Kenya,KEN,1981,1
Kenya,KEN,1982,1
Kenya,KEN,1983,1
Kenya,KEN,1984,1
Kenya,KEN,1985,1
Kenya,KEN,1986,1
Kenya,KEN,1987,1
Kenya,KEN,1988,1
Kenya,KEN,1989,1
Kenya,KEN,1990,1
Kenya,KEN,1991,1
Kenya,KEN,1992,1
Kenya,KEN,1993,1
Kenya,KEN,1994,1
Kenya,KEN,1995,1
Kenya,KEN,1996,1
Kenya,KEN,1997,1
Kenya,KEN,1998,1
Kenya,KEN,1999,1
Kenya,KEN,2000,1
Kenya,KEN,2001,1
Kenya,KEN,2002,1
Kenya,KEN,2003,1
Kenya,KEN,2004,1
Kenya,KEN,2005,1
Kenya,KEN,2006,0
Kenya,KEN,2007,0
Kenya,KEN,2008,1
Kenya,KEN,2009,0
Kenya,KEN,2010,0
Kenya,KEN,2011,0
Kiribati,KIR,2001,1
Kiribati,KIR,2003,2
Kiribati,KIR,2004,1
Kiribati,KIR,2005,1
Kiribati,KIR,2006,1
Kiribati,KIR,2007,1
Kiribati,KIR,2008,1
Kiribati,KIR,2009,1
Kiribati,KIR,2010,1
Kiribati,KIR,2011,0
"Korea, North",,1981,1
"Korea, North",,1982,1
"Korea, North",,1983,1
"Korea, North",,1984,1
"Korea, North",,1985,1
"Korea, North",,1986,1
"Korea, North",,1987,1
"Korea, North",,1988,1
"Korea, North",,1989,1
"Korea, North",,1990,1
"Korea, North",,1991,1
"Korea, North",,1992,1
"Korea, North",,1993,1
"Korea, North",,1994,1
"Korea, North",,1995,1
"Korea, North",,1996,1
"Korea, North",,1997,1
"Korea, North",,1998,1
"Korea, North",,1999,1
"Korea, North",,2000,1
"Korea, North",,2001,1
"Korea, North",,2002,1
"Korea, North",,2003,1
"Korea, North",,2004,1
"Korea, North",,2005,1
"Korea, North",,2006,1
"Korea, North",,2007,1
"Korea, North",,2008,1
"Korea, North",,2009,1
"Korea, North",,2010,1
"Korea, North",,2011,1
"Korea, South",,1981,1
"Korea, South",,1982,1
"Korea, South",,1983,1
"Korea, South",,1984,1
"Korea, South",,1985,0
"Korea, South",,1986,1
"Korea, South",,1987,1
"Korea, South",,1988,1
"Korea, South",,1989,1
"Korea, South",,1990,1
"Korea, South",,1991,1
"Korea, South",,1992,1
"Korea, South",,1993,1
"Korea, South",,1994,1
"Korea, South",,1995,1
"Korea, South",,1996,1
"Korea, South",,1997,1
"Korea, South",,1998,1
"Korea, South",,1999,1
"Korea, South",,2000,1
"Korea, South",,2001,1
"Korea, South",,2002,1
"Korea, South",,2003,2
"Korea, South",,2004,2
"Korea, South",,2005,1
"Korea, South",,2006,1
"Korea, South",,2007,1
"Korea, South",,2008,2
"Korea, South",,2009,2
"Korea, South",,2010,3
"Korea, South",,2011,3
Kuwait,KWT,1981,0
Kuwait,KWT,1982,0
Kuwait,KWT,1983,0
Kuwait,KWT,1984,0
Kuwait,KWT,1985,1
Kuwait,KWT,1986,1
Kuwait,KWT,1987,1
Kuwait,KWT,1988,1
Kuwait,KWT,1989,1
Kuwait,KWT,1991,0
Kuwait,KWT,1992,0
Kuwait,KWT,1993,1
Kuwait,KWT,1994,0
Kuwait,KWT,1995,0
Kuwait,KWT,1996,1
Kuwait,KWT,1997,1
Kuwait,KWT,1998,1
Kuwait,KWT,1999,1
Kuwait,KWT,2000,1
Kuwait,KWT,2001,1
Kuwait,KWT,2002,1
Kuwait,KWT,2003,1
Kuwait,KWT,2004,1
Kuwait,KWT,2005,1
Kuwait,KWT,2006,0
Kuwait,KWT,2007,0
Kuwait,KWT,2008,0
Kuwait,KWT,2009,0
Kuwait,KWT,2010,0
Kuwait,KWT,2011,0
Kyrgyzstan,KGZ,1992,2
Kyrgyzstan,KGZ,1993,2
Kyrgyzstan,KGZ,1994,3
Kyrgyzstan,KGZ,1995,3
Kyrgyzstan,KGZ,1996,2
Kyrgyzstan,KGZ,1997,2
Kyrgyzstan,KGZ,1998,2
Kyrgyzstan,KGZ,1999,2
Kyrgyzstan,KGZ,2000,2
Kyrgyzstan,KGZ,2001,2
Kyrgyzstan,KGZ,2002,2
Kyrgyzstan,KGZ,2003,1
Kyrgyzstan,KGZ,2004,1
Kyrgyzstan,KGZ,2005,1
Kyrgyzstan,KGZ,2006,1
Kyrgyzstan,KGZ,2007,1
Kyrgyzstan,KGZ,2008,1
Kyrgyzstan,KGZ,2009,1
Kyrgyzstan,KGZ,2010,1
Kyrgyzstan,KGZ,2011,1
Laos,LAO,1982,1
Laos,LAO,1983,1
Laos,LAO,1984,0
Laos,LAO,1985,1
Laos,LAO,1986,1
Laos,LAO,1987,0
Laos,LAO,1988,1
Laos,LAO,1989,1
Laos,LAO,1990,1
Laos,LAO,1991,1
Laos,LAO,1992,1
Laos,LAO,1993,1
Laos,LAO,1994,1
Laos,LAO,1995,1
Laos,LAO,1996,1
Laos,LAO,1997,1
Laos,LAO,1998,1
Laos,LAO,1999,2
Laos,LAO,2000,2
Laos,LAO,2001,2
Laos,LAO,2002,2
Laos,LAO,2003,2
Laos,LAO,2004,2
Laos,LAO,2005,2
Laos,LAO,2006,2
Laos,LAO,2007,2
Laos,LAO,2008,3
Laos,LAO,2009,2
Laos,LAO,2010,1
Laos,LAO,2011,1
Latvia,LVA,1992,2
Latvia,LVA,1993,2
Latvia,LVA,1994,2
Latvia,LVA,1995,2
Latvia,LVA,1996,1
Latvia,LVA,1997,1
Latvia,LVA,1998,1
Latvia,LVA,1999,1
Latvia,LVA,2000,1
Latvia,LVA,2001,1
Latvia,LVA,2002,2
Latvia,LVA,2003,2
Latvia,LVA,2004,2
Latvia,LVA,2005,1
Latvia,LVA,2006,1
Latvia,LVA,2007,2
Latvia,LVA,2008,1
Latvia,LVA,2009,2
Latvia,LVA,2010,1
Latvia,LVA,2011,1
Lebanon,LBN,2001,1
Lebanon,LBN,2002,1
Lebanon,LBN,2003,1
Lebanon,LBN,2004,1
Lebanon,LBN,2005,1
Lebanon,LBN,2006,1
Lebanon,LBN,2007,1
Lebanon,LBN,2008,1
Lebanon,LBN,2009,0
Lebanon,LBN,2010,0
Lebanon,LBN,2011,0
Lesotho,LSO,1981,1
Lesotho,LSO,1982,0
Lesotho,LSO,1983,0
Lesotho,LSO,1984,0
Lesotho,LSO,1985,1
Lesotho,LSO,1986,1
Lesotho,LSO,1987,0
Lesotho,LSO,1988,1
Lesotho,LSO,1989,0
Lesotho,LSO,1990,0
Lesotho,LSO,1991,0
Lesotho,LSO,1992,1
Lesotho,LSO,1993,0
Lesotho,LSO,1994,1
Lesotho,LSO,1995,1
Lesotho,LSO,1996,0
Lesotho,LSO,1997,0
Lesotho,LSO,1999,0
Lesotho,LSO,2000,0
Lesotho,LSO,2001,0
Lesotho,LSO,2002,0
Lesotho,LSO,2003,0
Lesotho,LSO,2004,0
Lesotho,LSO,2005,0
Lesotho,LSO,2006,1
Lesotho,LSO,2007,1
Lesotho,LSO,2008,2
Lesotho,LSO,2009,2
Lesotho,LSO,2010,2
Lesotho,LSO,2011,2
Liberia,LBR,1981,0
Liberia,LBR,1982,1
Liberia,LBR,1983,1
Liberia,LBR,1984,1
Liberia,LBR,1985,1
Liberia,LBR,1986,1
Liberia,LBR,1987,1
Liberia,LBR,1988,1
Liberia,LBR,1989,1
Liberia,LBR,1996,1
Liberia,LBR,1997,1
Liberia,LBR,1998,1
Liberia,LBR,1999,1
Liberia,LBR,2000,1
Liberia,LBR,2001,1
Liberia,LBR,2002,1
Liberia,LBR,2003,0
Liberia,LBR,2004,0
Liberia,LBR,2005,1
Liberia,LBR,2006,1
Liberia,LBR,2007,1
Liberia,LBR,2008,2
Liberia,LBR,2009,2
Liberia,LBR,2010,1
Liberia,LBR,2011,2
Libya,LBY,1981,0
Libya,LBY,1982,1
Libya,LBY,1983,1
Libya,LBY,1984,0
Libya,LBY,1985,1
Libya,LBY,1986,1
Libya,LBY,1987,1
Libya,LBY,1988,1
Libya,LBY,1989,1
Libya,LBY,1990,1
Libya,LBY,1991,1
Libya,LBY,1992,1
Libya,LBY,1993,0
Libya,LBY,1994,1
Libya,LBY,1995,1
Libya,LBY,1996,1
Libya,LBY,1997,1
Libya,LBY,1998,1
Libya,LBY,1999,1
Libya,LBY,2000,1
Libya,LBY,2001,1
Libya,LBY,2002,1
Libya,LBY,2003,2
Libya,LBY,2004,2
Libya,LBY,2005,1
Libya,LBY,2006,1
Libya,LBY,2007,2
Libya,LBY,2008,2
Libya,LBY,2009,2
Libya,LBY,2010,1
Libya,LBY,2011,1
Liechtenstein,LIE,2001,2
Liechtenstein,LIE,2003,2
Liechtenstein,LIE,2004,2
Liechtenstein,LIE,2005,2
Liechtenstein,LIE,2006,2
Liechtenstein,LIE,2007,3
Liechtenstein,LIE,2008,2
Liechtenstein,LIE,2009,2
Liechtenstein,LIE,2010,2
Liechtenstein,LIE,2011,3
Lithuania,LTU,1992,2
Lithuania,LTU,1993,2
Lithuania,LTU,1994,2
Lithuania,LTU,1995,2
Lithuania,LTU,1996,2
Lithuania,LTU,1997,2
Lithuania,LTU,1998,2
Lithuania,LTU,1999,2
Lithuania,LTU,2000,2
Lithuania,LTU,2001,2
Lithuania,LTU,2002,2
Lithuania,LTU,2003,2
Lithuania,LTU,2004,2
Lithuania,LTU,2005,2
Lithuania,LTU,2006,1
Lithuania,LTU,2007,2
Lithuania,LTU,2008,2
Lithuania,LTU,2009,2
Lithuania,LTU,2010,2
Lithuania,LTU,2011,2
Luxembourg,LUX,1981,2
Luxembourg,LUX,1982,2
Luxembourg,LUX,1983,2
Luxembourg,LUX,1984,2
Luxembourg,LUX,1985,2
Luxembourg,LUX,1986,2
Luxembourg,LUX,1987,2
Luxembourg,LUX,1988,2
Luxembourg,LUX,1989,2
Luxembourg,LUX,1990,3
Luxembourg,LUX,1991,3
Luxembourg,LUX,1992,3
Luxembourg,LUX,1993,2
Luxembourg,LUX,1994,2
Luxembourg,LUX,1995,3
Luxembourg,LUX,1996,3
Luxembourg,LUX,1997,3
Luxembourg,LUX,1998,3
Luxembourg,LUX,1999,2
Luxembourg,LUX,2000,2
Luxembourg,LUX,2001,2
Luxembourg,LUX,2002,2
Luxembourg,LUX,2003,2
Luxembourg,LUX,2004,2
Luxembourg,LUX,2005,2
Luxembourg,LUX,2006,2
Luxembourg,LUX,2007,3
Luxembourg,LUX,2008,3
Luxembourg,LUX,2009,3
Luxembourg,LUX,2010,3
Luxembourg,LUX,2011,3
Macedonia,MKD,1993,1
Macedonia,MKD,1994,2
Macedonia,MKD,1995,2
Macedonia,MKD,1996,1
Macedonia,MKD,1997,1
Macedonia,MKD,1998,1
Macedonia,MKD,1999,1
Macedonia,MKD,2000,1
Macedonia,MKD,2001,1
Macedonia,MKD,2002,1
Macedonia,MKD,2003,1
Macedonia,MKD,2004,1
Macedonia,MKD,2005,1
Macedonia,MKD,2006,1
Macedonia,MKD,2007,1
Macedonia,MKD,2008,0
Macedonia,MKD,2009,1
Macedonia,MKD,2010,2
Macedonia,MKD,2011,2
Madagascar,MDG,1981,2
Madagascar,MDG,1982,2
Madagascar,MDG,1983,2
Madagascar,MDG,1984,2
Madagascar,MDG,1985,2
Madagascar,MDG,1986,2
Madagascar,MDG,1987,2
Madagascar,MDG,1988,2
Madagascar,MDG,1989,2
Madagascar,MDG,1990,2
Madagascar,MDG,1991,2
Madagascar,MDG,1992,2
Madagascar,MDG,1993,2
Madagascar,MDG,1994,1
Madagascar,MDG,1995,1
Madagascar,MDG,1996,1
Madagascar,MDG,1997,1
Madagascar,MDG,1998,2
Madagascar,MDG,1999,2
Madagascar,MDG,2000,2
Madagascar,MDG,2001,2
Madagascar,MDG,2002,2
Madagascar,MDG,2003,1
Madagascar,MDG,2004,1
Madagascar,MDG,2005,1
Madagascar,MDG,2006,1
Madagascar,MDG,2007,2
Madagascar,MDG,2008,1
Madagascar,MDG,2009,1
Madagascar,MDG,2010,1
Madagascar,MDG,2011,2
Malawi,MWI,1981,1
Malawi,MWI,1982,1
Malawi,MWI,1983,1
Malawi,MWI,1984,1
Malawi,MWI,1985,1
Malawi,MWI,1986,1
Malawi,MWI,1987,1
Malawi,MWI,1988,1
Malawi,MWI,1989,1
Malawi,MWI,1990,1
Malawi,MWI,1991,1
Malawi,MWI,1992,1
Malawi,MWI,1993,1
Malawi,MWI,1994,1
Malawi,MWI,1995,1
Malawi,MWI,1996,1
Malawi,MWI,1997,1
Malawi,MWI,1998,1
Malawi,MWI,1999,1
Malawi,MWI,2000,1
Malawi,MWI,2001,1
Malawi,MWI,2002,1
Malawi,MWI,2003,1
Malawi,MWI,2004,1
Malawi,MWI,2005,1
Malawi,MWI,2006,1
Malawi,MWI,2007,1
Malawi,MWI,2008,0
Malawi,MWI,2009,1
Malawi,MWI,2010,1
Malawi,MWI,2011,1
Malaysia,MYS,1981,1
Malaysia,MYS,1983,1
Malaysia,MYS,1984,1
Malaysia,MYS,1985,2
Malaysia,MYS,1986,1
Malaysia,MYS,1987,1
Malaysia,MYS,1988,1
Malaysia,MYS,1989,1
Malaysia,MYS,1990,1
Malaysia,MYS,1991,1
Malaysia,MYS,1992,1
Malaysia,MYS,1993,2
Malaysia,MYS,1994,1
Malaysia,MYS,1995,1
Malaysia,MYS,1996,1
Malaysia,MYS,1997,1
Malaysia,MYS,1998,2
Malaysia,MYS,1999,2
Malaysia,MYS,2000,2
Malaysia,MYS,2001,2
Malaysia,MYS,2002,2
Malaysia,MYS,2003,1
Malaysia,MYS,2004,1
Malaysia,MYS,2005,1
Malaysia,MYS,2006,1
Malaysia,MYS,2007,3
Malaysia,MYS,2008,1
Malaysia,MYS,2009,1
Malaysia,MYS,2010,1
Malaysia,MYS,2011,1
Maldives,MDV,2001,1
Maldives,MDV,2003,1
Maldives,MDV,2004,1
Maldives,MDV,2005,1
Maldives,MDV,2006,1
Maldives,MDV,2007,1
Maldives,MDV,2008,2
Maldives,MDV,2009,1
Maldives,MDV,2010,1
Maldives,MDV,2011,0
Mali,MLI,1982,1
Mali,MLI,1983,1
Mali,MLI,1984,0
Mali,MLI,1985,1
Mali,MLI,1986,0
Mali,MLI,1987,0
Mali,MLI,1988,0
Mali,MLI,1989,1
Mali,MLI,1990,0
Mali,MLI,1991,1
Mali,MLI,1992,1
Mali,MLI,1993,1
Mali,MLI,1994,1
Mali,MLI,1995,1
Mali,MLI,1996,1
Mali,MLI,1997,1
Mali,MLI,1998,1
Mali,MLI,1999,1
Mali,MLI,2000,1
Mali,MLI,2001,1
Mali,MLI,2002,1
Mali,MLI,2003,1
Mali,MLI,2004,1
Mali,MLI,2005,1
Mali,MLI,2006,1
Mali,MLI,2007,1
Mali,MLI,2008,1
Mali,MLI,2009,1
Mali,MLI,2010,1
Mali,MLI,2011,0
Malta,MLT,2001,1
Malta,MLT,2003,2
Malta,MLT,2004,2
Malta,MLT,2005,2
Malta,MLT,2006,2
Malta,MLT,2007,3
Malta,MLT,2008,2
Malta,MLT,2009,3
Malta,MLT,2010,3
Malta,MLT,2011,3
Marshall Islands,MHL,2001,1
Marshall Islands,MHL,2003,1
Marshall Islands,MHL,2004,3
Marshall Islands,MHL,2005,2
Marshall Islands,MHL,2006,2
Marshall Islands,MHL,2007,2
Marshall Islands,MHL,2008,1
Marshall Islands,MHL,2009,2
Marshall Islands,MHL,2010,2
Marshall Islands,MHL,2011,2
Mauritania,MRT,1981,1
Mauritania,MRT,1982,1
Mauritania,MRT,1983,1
Mauritania,MRT,1984,0
Mauritania,MRT,1985,1
Mauritania,MRT,1986,1
Mauritania,MRT,1987,0
Mauritania,MRT,1988,1
Mauritania,MRT,1989,1
Mauritania,MRT,1990,1
Mauritania,MRT,1991,1
Mauritania,MRT,1992,1
Mauritania,MRT,1993,1
Mauritania,MRT,1994,1
Mauritania,MRT,1995,2
Mauritania,MRT,1996,2
Mauritania,MRT,1997,2
Mauritania,MRT,1998,2
Mauritania,MRT,1999,2
Mauritania,MRT,2000,2
Mauritania,MRT,2001,2
Mauritania,MRT,2002,2
Mauritania,MRT,2003,1
Mauritania,MRT,2004,2
Mauritania,MRT,2005,2
Mauritania,MRT,2006,1
Mauritania,MRT,2007,2
Mauritania,MRT,2008,2
Mauritania,MRT,2009,1
Mauritania,MRT,2010,1
Mauritania,MRT,2011,1
Mauritius,MUS,1981,1
Mauritius,MUS,1982,1
Mauritius,MUS,1983,1
Mauritius,MUS,1984,1
Mauritius,MUS,1985,1
Mauritius,MUS,1986,1
Mauritius,MUS,1987,1
Mauritius,MUS,1988,1
Mauritius,MUS,1989,1
Mauritius,MUS,1990,1
Mauritius,MUS,1991,1
Mauritius,MUS,1992,1
Mauritius,MUS,1993,1
Mauritius,MUS,1994,2
Mauritius,MUS,1995,2
Mauritius,MUS,1996,1
Mauritius,MUS,1997,1
Mauritius,MUS,1998,1
Mauritius,MUS,1999,1
Mauritius,MUS,2000,1
Mauritius,MUS,2001,1
Mauritius,MUS,2002,1
Mauritius,MUS,2003,2
Mauritius,MUS,2004,2
Mauritius,MUS,2005,2
Mauritius,MUS,2006,2
Mauritius,MUS,2007,3
Mauritius,MUS,2008,2
Mauritius,MUS,2009,2
Mauritius,MUS,2010,2
Mauritius,MUS,2011,2
Mexico,MEX,1981,1
Mexico,MEX,1982,1
Mexico,MEX,1983,1
Mexico,MEX,1984,1
Mexico,MEX,1985,1
Mexico,MEX,1986,1
Mexico,MEX,1987,1
Mexico,MEX,1988,1
Mexico,MEX,1989,1
Mexico,MEX,1990,1
Mexico,MEX,1991,1
Mexico,MEX,1992,1
Mexico,MEX,1993,1
Mexico,MEX,1994,1
Mexico,MEX,1995,1
Mexico,MEX,1996,1
Mexico,MEX,1997,2
Mexico,MEX,1998,2
Mexico,MEX,1999,2
Mexico,MEX,2000,1
Mexico,MEX,2001,2
Mexico,MEX,2002,2
Mexico,MEX,2003,1
Mexico,MEX,2004,1
Mexico,MEX,2005,1
Mexico,MEX,2006,2
Mexico,MEX,2007,3
Mexico,MEX,2008,1
Mexico,MEX,2009,2
Mexico,MEX,2010,2
Mexico,MEX,2011,2
Micronesia (country),FSM,2001,2
Micronesia (country),FSM,2003,2
Micronesia (country),FSM,2004,2
Micronesia (country),FSM,2005,2
Micronesia (country),FSM,2006,2
Micronesia (country),FSM,2007,1
Micronesia (country),FSM,2008,1
Micronesia (country),FSM,2009,2
Micronesia (country),FSM,2010,2
Micronesia (country),FSM,2011,2
Moldova,MDA,1992,1
Moldova,MDA,1993,1
Moldova,MDA,1994,1
Moldova,MDA,1995,1
Moldova,MDA,1996,1
Moldova,MDA,1997,1
Moldova,MDA,1998,2
Moldova,MDA,1999,2
Moldova,MDA,2000,2
Moldova,MDA,2001,2
Moldova,MDA,2002,2
Moldova,MDA,2003,3
Moldova,MDA,2004,3
Moldova,MDA,2005,2
Moldova,MDA,2006,2
Moldova,MDA,2007,2
Moldova,MDA,2008,1
Moldova,MDA,2009,2
Moldova,MDA,2010,2
Moldova,MDA,2011,2
Monaco,MCO,2001,3
Monaco,MCO,2003,2
Monaco,MCO,2004,2
Monaco,MCO,2005,3
Monaco,MCO,2006,2
Monaco,MCO,2007,3
Monaco,MCO,2008,3
Monaco,MCO,2009,3
Monaco,MCO,2010,3
Monaco,MCO,2011,3
Mongolia,MNG,1981,2
Mongolia,MNG,1984,2
Mongolia,MNG,1985,1
Mongolia,MNG,1986,1
Mongolia,MNG,1987,2
Mongolia,MNG,1988,2
Mongolia,MNG,1989,2
Mongolia,MNG,1990,2
Mongolia,MNG,1991,2
Mongolia,MNG,1992,2
Mongolia,MNG,1993,2
Mongolia,MNG,1994,2
Mongolia,MNG,1995,2
Mongolia,MNG,1996,2
Mongolia,MNG,1997,2
Mongolia,MNG,1998,2
Mongolia,MNG,1999,2
Mongolia,MNG,2000,3
Mongolia,MNG,2001,2
Mongolia,MNG,2002,2
Mongolia,MNG,2003,2
Mongolia,MNG,2004,2
Mongolia,MNG,2005,2
Mongolia,MNG,2006,2
Mongolia,MNG,2007,2
Mongolia,MNG,2008,2
Mongolia,MNG,2009,2
Mongolia,MNG,2010,2
Mongolia,MNG,2011,2
Montenegro,MNE,2006,1
Montenegro,MNE,2007,2
Montenegro,MNE,2008,1
Montenegro,MNE,2009,1
Montenegro,MNE,2010,1
Montenegro,MNE,2011,1
Morocco,MAR,1981,1
Morocco,MAR,1982,1
Morocco,MAR,1983,1
Morocco,MAR,1984,1
Morocco,MAR,1985,1
Morocco,MAR,1986,1
Morocco,MAR,1987,1
Morocco,MAR,1988,1
Morocco,MAR,1989,1
Morocco,MAR,1990,1
Morocco,MAR,1991,1
Morocco,MAR,1992,1
Morocco,MAR,1993,1
Morocco,MAR,1994,1
Morocco,MAR,1995,1
Morocco,MAR,1996,1
Morocco,MAR,1997,1
Morocco,MAR,1998,1
Morocco,MAR,1999,0
Morocco,MAR,2000,1
Morocco,MAR,2001,0
Morocco,MAR,2002,1
Morocco,MAR,2003,1
Morocco,MAR,2004,1
Morocco,MAR,2005,1
Morocco,MAR,2006,1
Morocco,MAR,2007,2
Morocco,MAR,2008,1
Morocco,MAR,2009,1
Morocco,MAR,2010,1
Morocco,MAR,2011,1
Mozambique,MOZ,1981,1
Mozambique,MOZ,1982,2
Mozambique,MOZ,1983,1
Mozambique,MOZ,1984,1
Mozambique,MOZ,1985,1
Mozambique,MOZ,1986,1
Mozambique,MOZ,1987,1
Mozambique,MOZ,1988,1
Mozambique,MOZ,1989,1
Mozambique,MOZ,1990,1
Mozambique,MOZ,1991,1
Mozambique,MOZ,1992,1
Mozambique,MOZ,1993,1
Mozambique,MOZ,1994,1
Mozambique,MOZ,1995,1
Mozambique,MOZ,1996,1
Mozambique,MOZ,1997,1
Mozambique,MOZ,1998,1
Mozambique,MOZ,1999,1
Mozambique,MOZ,2000,2
Mozambique,MOZ,2001,1
Mozambique,MOZ,2002,1
Mozambique,MOZ,2003,1
Mozambique,MOZ,2004,1
Mozambique,MOZ,2005,1
Mozambique,MOZ,2006,1
Mozambique,MOZ,2007,0
Mozambique,MOZ,2008,0
Mozambique,MOZ,2009,0
Mozambique,MOZ,2010,1
Mozambique,MOZ,2011,1
Myanmar,MMR,1981,2
Myanmar,MMR,1984,2
Myanmar,MMR,1985,1
Myanmar,MMR,1986,2
Myanmar,MMR,1987,2
Myanmar,MMR,1988,1
Myanmar,MMR,1989,1
Myanmar,MMR,1990,1
Myanmar,MMR,1991,1
Myanmar,MMR,1992,1
Myanmar,MMR,1993,1
Myanmar,MMR,1994,1
Myanmar,MMR,1995,1
Myanmar,MMR,1996,1
Myanmar,MMR,1997,1
Myanmar,MMR,1998,1
Myanmar,MMR,1999,1
Myanmar,MMR,2000,1
Myanmar,MMR,2001,2
Myanmar,MMR,2002,2
Myanmar,MMR,2003,1
Myanmar,MMR,2004,1
Myanmar,MMR,2005,1
Myanmar,MMR,2006,0
Myanmar,MMR,2007,0
Myanmar,MMR,2008,0
Myanmar,MMR,2009,1
Myanmar,MMR,2010,1
Myanmar,MMR,2011,1
Namibia,NAM,1990,1
Namibia,NAM,1991,1
Namibia,NAM,1992,1
Namibia,NAM,1993,1
Namibia,NAM,1994,1
Namibia,NAM,1995,1
Namibia,NAM,1999,2
Namibia,NAM,2000,2
Namibia,NAM,2001,2
Namibia,NAM,2002,2
Namibia,NAM,2003,2
Namibia,NAM,2004,2
Namibia,NAM,2005,1
Namibia,NAM,2006,1
Namibia,NAM,2007,2
Namibia,NAM,2008,1
Namibia,NAM,2009,1
Namibia,NAM,2010,1
Namibia,NAM,2011,1
Nauru,NRU,2001,2
Nauru,NRU,2003,2
Nauru,NRU,2004,1
Nauru,NRU,2005,1
Nauru,NRU,2006,2
Nauru,NRU,2007,2
Nauru,NRU,2008,2
Nauru,NRU,2009,2
Nauru,NRU,2010,2
Nauru,NRU,2011,2
Nepal,NPL,1981,1
Nepal,NPL,1982,1
Nepal,NPL,1983,1
Nepal,NPL,1984,1
Nepal,NPL,1985,1
Nepal,NPL,1986,1
Nepal,NPL,1987,1
Nepal,NPL,1988,1
Nepal,NPL,1989,1
Nepal,NPL,1990,1
Nepal,NPL,1991,1
Nepal,NPL,1992,1
Nepal,NPL,1993,1
Nepal,NPL,1994,1
Nepal,NPL,1995,1
Nepal,NPL,1996,1
Nepal,NPL,1997,1
Nepal,NPL,1998,1
Nepal,NPL,1999,1
Nepal,NPL,2000,1
Nepal,NPL,2001,1
Nepal,NPL,2002,1
Nepal,NPL,2003,1
Nepal,NPL,2004,1
Nepal,NPL,2005,1
Nepal,NPL,2006,1
Nepal,NPL,2007,1
Nepal,NPL,2008,1
Nepal,NPL,2009,1
Nepal,NPL,2010,1
Nepal,NPL,2011,1
Netherlands,NLD,1981,3
Netherlands,NLD,1982,2
Netherlands,NLD,1983,2
Netherlands,NLD,1984,3
Netherlands,NLD,1985,2
Netherlands,NLD,1986,2
Netherlands,NLD,1987,3
Netherlands,NLD,1988,2
Netherlands,NLD,1989,2
Netherlands,NLD,1990,3
Netherlands,NLD,1991,2
Netherlands,NLD,1992,2
Netherlands,NLD,1993,2
Netherlands,NLD,1994,2
Netherlands,NLD,1995,2
Netherlands,NLD,1996,2
Netherlands,NLD,1997,2
Netherlands,NLD,1998,3
Netherlands,NLD,1999,2
Netherlands,NLD,2000,2
Netherlands,NLD,2001,2
Netherlands,NLD,2002,2
Netherlands,NLD,2003,3
Netherlands,NLD,2004,2
Netherlands,NLD,2005,2
Netherlands,NLD,2006,2
Netherlands,NLD,2007,2
Netherlands,NLD,2008,2
Netherlands,NLD,2009,3
Netherlands,NLD,2010,3
Netherlands,NLD,2011,3
New Zealand,NZL,1981,2
New Zealand,NZL,1982,2
New Zealand,NZL,1983,2
New Zealand,NZL,1984,2
New Zealand,NZL,1985,2
New Zealand,NZL,1986,2
New Zealand,NZL,1987,2
New Zealand,NZL,1988,2
New Zealand,NZL,1989,2
New Zealand,NZL,1990,2
New Zealand,NZL,1991,2
New Zealand,NZL,1992,2
New Zealand,NZL,1993,2
New Zealand,NZL,1994,2
New Zealand,NZL,1995,2
New Zealand,NZL,1996,2
New Zealand,NZL,1997,2
New Zealand,NZL,1998,3
New Zealand,NZL,1999,2
New Zealand,NZL,2000,2
New Zealand,NZL,2001,2
New Zealand,NZL,2002,2
New Zealand,NZL,2003,2
New Zealand,NZL,2004,2
New Zealand,NZL,2005,3
New Zealand,NZL,2006,3
New Zealand,NZL,2007,3
New Zealand,NZL,2008,2
New Zealand,NZL,2009,3
New Zealand,NZL,2010,3
New Zealand,NZL,2011,3
Nicaragua,NIC,1982,2
Nicaragua,NIC,1983,1
Nicaragua,NIC,1985,2
Nicaragua,NIC,1986,1
Nicaragua,NIC,1987,1
Nicaragua,NIC,1988,1
Nicaragua,NIC,1989,1
Nicaragua,NIC,1990,1
Nicaragua,NIC,1991,1
Nicaragua,NIC,1992,1
Nicaragua,NIC,1993,1
Nicaragua,NIC,1994,1
Nicaragua,NIC,1995,1
Nicaragua,NIC,1996,1
Nicaragua,NIC,1997,1
Nicaragua,NIC,1998,2
Nicaragua,NIC,1999,1
Nicaragua,NIC,2000,1
Nicaragua,NIC,2001,1
Nicaragua,NIC,2002,1
Nicaragua,NIC,2003,1
Nicaragua,NIC,2004,1
Nicaragua,NIC,2005,1
Nicaragua,NIC,2006,1
Nicaragua,NIC,2007,2
Nicaragua,NIC,2008,1
Nicaragua,NIC,2009,1
Nicaragua,NIC,2010,1
Nicaragua,NIC,2011,1
Niger,NER,1981,0
Niger,NER,1982,1
Niger,NER,1983,1
Niger,NER,1984,1
Niger,NER,1985,1
Niger,NER,1986,1
Niger,NER,1987,1
Niger,NER,1988,2
Niger,NER,1989,2
Niger,NER,1990,1
Niger,NER,1991,1
Niger,NER,1992,1
Niger,NER,1993,1
Niger,NER,1994,1
Niger,NER,1995,1
Niger,NER,1996,1
Niger,NER,1997,1
Niger,NER,1998,1
Niger,NER,1999,1
Niger,NER,2000,1
Niger,NER,2001,1
Niger,NER,2002,1
Niger,NER,2003,1
Niger,NER,2004,1
Niger,NER,2005,0
Niger,NER,2006,1
Niger,NER,2007,1
Niger,NER,2008,1
Niger,NER,2009,1
Niger,NER,2010,2
Niger,NER,2011,1
Nigeria,NGA,1981,0
Nigeria,NGA,1982,0
Nigeria,NGA,1983,0
Nigeria,NGA,1984,0
Nigeria,NGA,1985,1
Nigeria,NGA,1986,1
Nigeria,NGA,1987,0
Nigeria,NGA,1988,1
Nigeria,NGA,1989,1
Nigeria,NGA,1990,0
Nigeria,NGA,1991,1
Nigeria,NGA,1992,1
Nigeria,NGA,1993,1
Nigeria,NGA,1994,1
Nigeria,NGA,1995,1
Nigeria,NGA,1996,0
Nigeria,NGA,1997,0
Nigeria,NGA,1998,1
Nigeria,NGA,1999,1
Nigeria,NGA,2000,1
Nigeria,NGA,2001,1
Nigeria,NGA,2002,1
Nigeria,NGA,2003,1
Nigeria,NGA,2004,1
Nigeria,NGA,2005,1
Nigeria,NGA,2006,0
Nigeria,NGA,2007,1
Nigeria,NGA,2008,0
Nigeria,NGA,2009,0
Nigeria,NGA,2010,0
Nigeria,NGA,2011,0
Norway,NOR,1981,2
Norway,NOR,1982,2
Norway,NOR,1983,2
Norway,NOR,1984,2
Norway,NOR,1985,2
Norway,NOR,1986,2
Norway,NOR,1987,2
Norway,NOR,1988,2
Norway,NOR,1989,2
Norway,NOR,1990,2
Norway,NOR,1991,2
Norway,NOR,1992,2
Norway,NOR,1993,2
Norway,NOR,1994,2
Norway,NOR,1995,2
Norway,NOR,1996,2
Norway,NOR,1997,2
Norway,NOR,1998,2
Norway,NOR,1999,2
Norway,NOR,2000,2
Norway,NOR,2001,2
Norway,NOR,2002,2
Norway,NOR,2003,2
Norway,NOR,2004,2
Norway,NOR,2005,3
Norway,NOR,2006,3
Norway,NOR,2007,3
Norway,NOR,2008,3
Norway,NOR,2009,3
Norway,NOR,2010,3
Norway,NOR,2011,3
Oman,OMN,1981,0
Oman,OMN,1982,0
Oman,OMN,1983,1
Oman,OMN,1984,0
Oman,OMN,1985,1
Oman,OMN,1986,1
Oman,OMN,1987,1
Oman,OMN,1988,1
Oman,OMN,1989,1
Oman,OMN,1990,1
Oman,OMN,1991,1
Oman,OMN,1992,1
Oman,OMN,1993,1
Oman,OMN,1994,1
Oman,OMN,1995,1
Oman,OMN,1996,1
Oman,OMN,1997,1
Oman,OMN,1998,1
Oman,OMN,1999,1
Oman,OMN,2000,1
Oman,OMN,2001,1
Oman,OMN,2002,2
Oman,OMN,2003,2
Oman,OMN,2004,2
Oman,OMN,2005,1
Oman,OMN,2006,1
Oman,OMN,2007,2
Oman,OMN,2008,1
Oman,OMN,2009,2
Oman,OMN,2010,2
Oman,OMN,2011,1
Pakistan,PAK,1981,0
Pakistan,PAK,1982,1
Pakistan,PAK,1983,1
Pakistan,PAK,1984,0
Pakistan,PAK,1985,1
Pakistan,PAK,1986,1
Pakistan,PAK,1987,1
Pakistan,PAK,1988,1
Pakistan,PAK,1989,1
Pakistan,PAK,1990,1
Pakistan,PAK,1991,0
Pakistan,PAK,1992,0
Pakistan,PAK,1993,0
Pakistan,PAK,1994,0
Pakistan,PAK,1995,0
Pakistan,PAK,1996,0
Pakistan,PAK,1997,0
Pakistan,PAK,1998,0
Pakistan,PAK,1999,0
Pakistan,PAK,2000,0
Pakistan,PAK,2001,0
Pakistan,PAK,2002,0
Pakistan,PAK,2003,0
Pakistan,PAK,2004,0
Pakistan,PAK,2005,0
Pakistan,PAK,2006,0
Pakistan,PAK,2007,0
Pakistan,PAK,2008,0
Pakistan,PAK,2009,0
Pakistan,PAK,2010,1
Pakistan,PAK,2011,1
Palau,PLW,2001,3
Palau,PLW,2003,3
Palau,PLW,2004,1
Palau,PLW,2005,3
Palau,PLW,2006,3
Palau,PLW,2007,3
Palau,PLW,2008,3
Palau,PLW,2009,3
Palau,PLW,2010,3
Palau,PLW,2011,3
Panama,PAN,1981,1
Panama,PAN,1982,1
Panama,PAN,1983,1
Panama,PAN,1984,1
Panama,PAN,1985,1
Panama,PAN,1986,1
Panama,PAN,1987,1
Panama,PAN,1988,1
Panama,PAN,1989,1
Panama,PAN,1990,1
Panama,PAN,1991,1
Panama,PAN,1992,1
Panama,PAN,1993,1
Panama,PAN,1994,1
Panama,PAN,1995,1
Panama,PAN,1996,2
Panama,PAN,1997,2
Panama,PAN,1998,1
Panama,PAN,1999,2
Panama,PAN,2000,2
Panama,PAN,2001,2
Panama,PAN,2002,2
Panama,PAN,2003,1
Panama,PAN,2004,1
Panama,PAN,2005,1
Panama,PAN,2006,1
Panama,PAN,2007,2
Panama,PAN,2008,2
Panama,PAN,2009,2
Panama,PAN,2010,2
Panama,PAN,2011,2
Papua New Guinea,PNG,1981,1
Papua New Guinea,PNG,1982,1
Papua New Guinea,PNG,1983,2
Papua New Guinea,PNG,1984,1
Papua New Guinea,PNG,1985,2
Papua New Guinea,PNG,1986,2
Papua New Guinea,PNG,1987,2
Papua New Guinea,PNG,1988,2
Papua New Guinea,PNG,1989,2
Papua New Guinea,PNG,1990,1
Papua New Guinea,PNG,1991,1
Papua New Guinea,PNG,1992,1
Papua New Guinea,PNG,1993,1
Papua New Guinea,PNG,1994,1
Papua New Guinea,PNG,1995,1
Papua New Guinea,PNG,1996,1
Papua New Guinea,PNG,1997,1
Papua New Guinea,PNG,1998,1
Papua New Guinea,PNG,1999,1
Papua New Guinea,PNG,2000,1
Papua New Guinea,PNG,2001,1
Papua New Guinea,PNG,2002,1
Papua New Guinea,PNG,2003,1
Papua New Guinea,PNG,2004,1
Papua New Guinea,PNG,2005,1
Papua New Guinea,PNG,2006,1
Papua New Guinea,PNG,2007,1
Papua New Guinea,PNG,2008,1
Papua New Guinea,PNG,2009,1
Papua New Guinea,PNG,2010,0
Papua New Guinea,PNG,2011,0
Paraguay,PRY,1981,1
Paraguay,PRY,1982,1
Paraguay,PRY,1983,1
Paraguay,PRY,1984,1
Paraguay,PRY,1985,1
Paraguay,PRY,1986,1
Paraguay,PRY,1987,1
Paraguay,PRY,1988,1
Paraguay,PRY,1989,1
Paraguay,PRY,1990,1
Paraguay,PRY,1991,1
Paraguay,PRY,1992,1
Paraguay,PRY,1993,1
Paraguay,PRY,1994,1
Paraguay,PRY,1995,1
Paraguay,PRY,1996,1
Paraguay,PRY,1997,1
Paraguay,PRY,1998,1
Paraguay,PRY,1999,1
Paraguay,PRY,2000,1
Paraguay,PRY,2001,1
Paraguay,PRY,2002,1
Paraguay,PRY,2003,1
Paraguay,PRY,2004,1
Paraguay,PRY,2005,1
Paraguay,PRY,2006,1
Paraguay,PRY,2007,1
Paraguay,PRY,2008,1
Paraguay,PRY,2009,1
Paraguay,PRY,2010,1
Paraguay,PRY,2011,1
Peru,PER,1981,1
Peru,PER,1982,1
Peru,PER,1983,1
Peru,PER,1984,1
Peru,PER,1985,1
Peru,PER,1986,1
Peru,PER,1987,1
Peru,PER,1988,1
Peru,PER,1989,1
Peru,PER,1990,1
Peru,PER,1991,1
Peru,PER,1992,1
Peru,PER,1993,1
Peru,PER,1994,1
Peru,PER,1995,1
Peru,PER,1996,2
Peru,PER,1997,2
Peru,PER,1998,2
Peru,PER,1999,2
Peru,PER,2000,2
Peru,PER,2001,2
Peru,PER,2002,2
Peru,PER,2003,2
Peru,PER,2004,2
Peru,PER,2005,2
Peru,PER,2006,1
Peru,PER,2007,2
Peru,PER,2008,1
Peru,PER,2009,1
Peru,PER,2010,1
Peru,PER,2011,1
Philippines,PHL,1981,2
Philippines,PHL,1982,2
Philippines,PHL,1983,2
Philippines,PHL,1984,2
Philippines,PHL,1985,2
Philippines,PHL,1986,2
Philippines,PHL,1988,1
Philippines,PHL,1989,1
Philippines,PHL,1990,1
Philippines,PHL,1991,1
Philippines,PHL,1992,1
Philippines,PHL,1993,1
Philippines,PHL,1994,1
Philippines,PHL,1995,1
Philippines,PHL,1996,1
Philippines,PHL,1997,1
Philippines,PHL,1998,1
Philippines,PHL,1999,1
Philippines,PHL,2000,2
Philippines,PHL,2001,1
Philippines,PHL,2002,1
Philippines,PHL,2003,1
Philippines,PHL,2004,1
Philippines,PHL,2005,1
Philippines,PHL,2006,1
Philippines,PHL,2007,1
Philippines,PHL,2008,1
Philippines,PHL,2009,1
Philippines,PHL,2010,2
Philippines,PHL,2011,1
Poland,POL,1981,1
Poland,POL,1982,1
Poland,POL,1983,2
Poland,POL,1984,1
Poland,POL,1985,2
Poland,POL,1986,2
Poland,POL,1987,2
Poland,POL,1988,2
Poland,POL,1990,2
Poland,POL,1991,2
Poland,POL,1992,1
Poland,POL,1993,1
Poland,POL,1994,1
Poland,POL,1995,1
Poland,POL,1996,1
Poland,POL,1997,1
Poland,POL,1998,1
Poland,POL,1999,1
Poland,POL,2000,1
Poland,POL,2001,1
Poland,POL,2002,2
Poland,POL,2003,1
Poland,POL,2004,1
Poland,POL,2005,1
Poland,POL,2006,1
Poland,POL,2007,2
Poland,POL,2008,1
Poland,POL,2009,1
Poland,POL,2010,1
Poland,POL,2011,1
Portugal,PRT,1981,1
Portugal,PRT,1982,2
Portugal,PRT,1983,2
Portugal,PRT,1984,2
Portugal,PRT,1985,2
Portugal,PRT,1986,2
Portugal,PRT,1987,2
Portugal,PRT,1988,2
Portugal,PRT,1989,2
Portugal,PRT,1990,2
Portugal,PRT,1991,2
Portugal,PRT,1992,2
Portugal,PRT,1993,2
Portugal,PRT,1994,2
Portugal,PRT,1995,2
Portugal,PRT,1996,2
Portugal,PRT,1997,2
Portugal,PRT,1998,3
Portugal,PRT,1999,2
Portugal,PRT,2000,2
Portugal,PRT,2001,2
Portugal,PRT,2002,2
Portugal,PRT,2003,2
Portugal,PRT,2004,2
Portugal,PRT,2005,2
Portugal,PRT,2006,1
Portugal,PRT,2007,2
Portugal,PRT,2008,2
Portugal,PRT,2009,2
Portugal,PRT,2010,3
Portugal,PRT,2011,2
Qatar,QAT,2001,2
Qatar,QAT,2003,1
Qatar,QAT,2004,0
Qatar,QAT,2005,1
Qatar,QAT,2006,1
Qatar,QAT,2007,1
Qatar,QAT,2008,1
Qatar,QAT,2009,1
Qatar,QAT,2010,1
Qatar,QAT,2011,1
Romania,ROU,1981,2
Romania,ROU,1982,2
Romania,ROU,1983,2
Romania,ROU,1984,2
Romania,ROU,1985,3
Romania,ROU,1986,3
Romania,ROU,1987,2
Romania,ROU,1988,2
Romania,ROU,1989,2
Romania,ROU,1990,2
Romania,ROU,1991,1
Romania,ROU,1992,1
Romania,ROU,1993,1
Romania,ROU,1994,1
Romania,ROU,1995,1
Romania,ROU,1996,1
Romania,ROU,1997,1
Romania,ROU,1998,1
Romania,ROU,1999,1
Romania,ROU,2000,1
Romania,ROU,2001,1
Romania,ROU,2002,1
Romania,ROU,2003,2
Romania,ROU,2004,2
Romania,ROU,2005,1
Romania,ROU,2006,1
Romania,ROU,2007,1
Romania,ROU,2008,1
Romania,ROU,2009,1
Romania,ROU,2010,2
Romania,ROU,2011,1
Russia,RUS,1992,1
Russia,RUS,1993,1
Russia,RUS,1994,1
Russia,RUS,1995,1
Russia,RUS,1996,1
Russia,RUS,1997,1
Russia,RUS,1998,1
Russia,RUS,1999,1
Russia,RUS,2000,1
Russia,RUS,2001,1
Russia,RUS,2002,1
Russia,RUS,2003,0
Russia,RUS,2004,0
Russia,RUS,2005,1
Russia,RUS,2006,1
Russia,RUS,2007,2
Russia,RUS,2008,1
Russia,RUS,2009,1
Russia,RUS,2010,1
Russia,RUS,2011,1
Rwanda,RWA,1981,1
Rwanda,RWA,1982,1
Rwanda,RWA,1983,1
Rwanda,RWA,1984,1
Rwanda,RWA,1985,1
Rwanda,RWA,1986,1
Rwanda,RWA,1987,1
Rwanda,RWA,1988,1
Rwanda,RWA,1989,1
Rwanda,RWA,1990,1
Rwanda,RWA,1991,1
Rwanda,RWA,1992,1
Rwanda,RWA,1993,1
Rwanda,RWA,1994,1
Rwanda,RWA,1995,1
Rwanda,RWA,1996,1
Rwanda,RWA,1997,1
Rwanda,RWA,1998,1
Rwanda,RWA,1999,1
Rwanda,RWA,2000,1
Rwanda,RWA,2001,1
Rwanda,RWA,2002,1
Rwanda,RWA,2003,2
Rwanda,RWA,2004,2
Rwanda,RWA,2005,2
Rwanda,RWA,2006,1
Rwanda,RWA,2007,2
Rwanda,RWA,2008,1
Rwanda,RWA,2009,1
Rwanda,RWA,2010,1
Rwanda,RWA,2011,2
Saint Kitts and Nevis,KNA,2001,2
Saint Kitts and Nevis,KNA,2003,2
Saint Kitts and Nevis,KNA,2004,2
Saint Kitts and Nevis,KNA,2005,2
Saint Kitts and Nevis,KNA,2006,2
Saint Kitts and Nevis,KNA,2007,3
Saint Kitts and Nevis,KNA,2008,2
Saint Kitts and Nevis,KNA,2009,3
Saint Kitts and Nevis,KNA,2010,1
Saint Kitts and Nevis,KNA,2011,2
Saint Lucia,LCA,2001,2
Saint Lucia,LCA,2003,2
Saint Lucia,LCA,2004,2
Saint Lucia,LCA,2005,2
Saint Lucia,LCA,2006,2
Saint Lucia,LCA,2007,3
Saint Lucia,LCA,2008,1
Saint Lucia,LCA,2009,3
Saint Lucia,LCA,2010,3
Saint Lucia,LCA,2011,2
Samoa,WSM,2001,2
Samoa,WSM,2003,2
Samoa,WSM,2004,1
Samoa,WSM,2005,1
Samoa,WSM,2006,2
Samoa,WSM,2007,2
Samoa,WSM,2008,2
Samoa,WSM,2009,2
Samoa,WSM,2010,2
Samoa,WSM,2011,2
San Marino,SMR,2001,3
San Marino,SMR,2003,3
San Marino,SMR,2004,2
San Marino,SMR,2005,3
San Marino,SMR,2006,3
San Marino,SMR,2007,3
San Marino,SMR,2008,3
San Marino,SMR,2009,3
San Marino,SMR,2010,3
San Marino,SMR,2011,3
Sao Tome and Principe,STP,2001,1
Sao Tome and Principe,STP,2003,2
Sao Tome and Principe,STP,2004,1
Sao Tome and Principe,STP,2005,1
Sao Tome and Principe,STP,2006,1
Sao Tome and Principe,STP,2007,1
Sao Tome and Principe,STP,2008,1
Sao Tome and Principe,STP,2009,1
Sao Tome and Principe,STP,2010,1
Sao Tome and Principe,STP,2011,2
Saudi Arabia,SAU,1981,0
Saudi Arabia,SAU,1982,0
Saudi Arabia,SAU,1983,0
Saudi Arabia,SAU,1984,0
Saudi Arabia,SAU,1985,0
Saudi Arabia,SAU,1986,0
Saudi Arabia,SAU,1987,0
Saudi Arabia,SAU,1988,0
Saudi Arabia,SAU,1989,0
Saudi Arabia,SAU,1990,0
Saudi Arabia,SAU,1991,0
Saudi Arabia,SAU,1992,0
Saudi Arabia,SAU,1993,0
Saudi Arabia,SAU,1994,0
Saudi Arabia,SAU,1995,0
Saudi Arabia,SAU,1996,0
Saudi Arabia,SAU,1997,0
Saudi Arabia,SAU,1998,0
Saudi Arabia,SAU,1999,0
Saudi Arabia,SAU,2000,1
Saudi Arabia,SAU,2001,0
Saudi Arabia,SAU,2002,0
Saudi Arabia,SAU,2003,0
Saudi Arabia,SAU,2004,0
Saudi Arabia,SAU,2005,0
Saudi Arabia,SAU,2006,0
Saudi Arabia,SAU,2007,0
Saudi Arabia,SAU,2008,1
Saudi Arabia,SAU,2009,0
Saudi Arabia,SAU,2010,0
Saudi Arabia,SAU,2011,0
Senegal,SEN,1981,1
Senegal,SEN,1982,1
Senegal,SEN,1983,1
Senegal,SEN,1984,2
Senegal,SEN,1985,2
Senegal,SEN,1986,2
Senegal,SEN,1987,2
Senegal,SEN,1988,2
Senegal,SEN,1989,1
Senegal,SEN,1990,1
Senegal,SEN,1991,1
Senegal,SEN,1992,1
Senegal,SEN,1993,2
Senegal,SEN,1994,1
Senegal,SEN,1995,1
Senegal,SEN,1996,1
Senegal,SEN,1997,1
Senegal,SEN,1998,1
Senegal,SEN,1999,1
Senegal,SEN,2000,1
Senegal,SEN,2001,1
Senegal,SEN,2002,1
Senegal,SEN,2003,1
Senegal,SEN,2004,1
Senegal,SEN,2005,1
Senegal,SEN,2006,0
Senegal,SEN,2007,2
Senegal,SEN,2008,0
Senegal,SEN,2009,0
Senegal,SEN,2010,0
Senegal,SEN,2011,0
Serbia,SRB,2006,1
Serbia,SRB,2007,2
Serbia,SRB,2008,1
Serbia,SRB,2009,1
Serbia,SRB,2010,1
Serbia,SRB,2011,2
Serbia and Montenegro,OWID_SRM,1993,1
Serbia and Montenegro,OWID_SRM,1994,1
Serbia and Montenegro,OWID_SRM,1995,1
Serbia and Montenegro,OWID_SRM,1996,1
Serbia and Montenegro,OWID_SRM,1997,1
Serbia and Montenegro,OWID_SRM,1998,1
Serbia and Montenegro,OWID_SRM,1999,1
Serbia and Montenegro,OWID_SRM,2000,1
Serbia and Montenegro,OWID_SRM,2001,1
Serbia and Montenegro,OWID_SRM,2002,1
Serbia and Montenegro,OWID_SRM,2003,2
Serbia and Montenegro,OWID_SRM,2004,1
Serbia and Montenegro,OWID_SRM,2005,1
Seychelles,SYC,2001,2
Seychelles,SYC,2003,2
Seychelles,SYC,2004,2
Seychelles,SYC,2005,2
Seychelles,SYC,2006,1
Seychelles,SYC,2007,2
Seychelles,SYC,2008,2
Seychelles,SYC,2009,3
Seychelles,SYC,2010,3
Seychelles,SYC,2011,2
Sierra Leone,SLE,1981,1
Sierra Leone,SLE,1982,1
Sierra Leone,SLE,1983,1
Sierra Leone,SLE,1984,1
Sierra Leone,SLE,1985,1
Sierra Leone,SLE,1986,1
Sierra Leone,SLE,1987,1
Sierra Leone,SLE,1988,1
Sierra Leone,SLE,1989,1
Sierra Leone,SLE,1990,1
Sierra Leone,SLE,1991,1
Sierra Leone,SLE,1992,1
Sierra Leone,SLE,1993,1
Sierra Leone,SLE,1994,1
Sierra Leone,SLE,1995,0
Sierra Leone,SLE,1996,1
Sierra Leone,SLE,2001,1
Sierra Leone,SLE,2002,1
Sierra Leone,SLE,2003,1
Sierra Leone,SLE,2004,1
Sierra Leone,SLE,2005,1
Sierra Leone,SLE,2006,1
Sierra Leone,SLE,2007,1
Sierra Leone,SLE,2008,0
Sierra Leone,SLE,2009,0
Sierra Leone,SLE,2010,0
Sierra Leone,SLE,2011,0
Singapore,SGP,1981,2
Singapore,SGP,1982,1
Singapore,SGP,1983,1
Singapore,SGP,1984,2
Singapore,SGP,1985,2
Singapore,SGP,1986,1
Singapore,SGP,1987,2
Singapore,SGP,1988,1
Singapore,SGP,1989,1
Singapore,SGP,1990,2
Singapore,SGP,1991,1
Singapore,SGP,1992,1
Singapore,SGP,1993,2
Singapore,SGP,1994,1
Singapore,SGP,1995,1
Singapore,SGP,1996,1
Singapore,SGP,1997,2
Singapore,SGP,1998,2
Singapore,SGP,1999,2
Singapore,SGP,2000,2
Singapore,SGP,2001,2
Singapore,SGP,2002,2
Singapore,SGP,2003,2
Singapore,SGP,2004,2
Singapore,SGP,2005,2
Singapore,SGP,2006,2
Singapore,SGP,2007,2
Singapore,SGP,2008,2
Singapore,SGP,2009,2
Singapore,SGP,2010,2
Singapore,SGP,2011,1
Slovakia,SVK,1993,2
Slovakia,SVK,1994,2
Slovakia,SVK,1995,1
Slovakia,SVK,1996,1
Slovakia,SVK,1997,1
Slovakia,SVK,1998,2
Slovakia,SVK,1999,2
Slovakia,SVK,2000,1
Slovakia,SVK,2001,1
Slovakia,SVK,2002,1
Slovakia,SVK,2003,1
Slovakia,SVK,2004,1
Slovakia,SVK,2005,1
Slovakia,SVK,2006,1
Slovakia,SVK,2007,2
Slovakia,SVK,2008,1
Slovakia,SVK,2009,1
Slovakia,SVK,2010,2
Slovakia,SVK,2011,2
Slovenia,SVN,1992,2
Slovenia,SVN,1993,2
Slovenia,SVN,1994,2
Slovenia,SVN,1995,2
Slovenia,SVN,1996,2
Slovenia,SVN,1997,2
Slovenia,SVN,1998,2
Slovenia,SVN,1999,2
Slovenia,SVN,2000,2
Slovenia,SVN,2001,2
Slovenia,SVN,2002,2
Slovenia,SVN,2003,2
Slovenia,SVN,2004,2
Slovenia,SVN,2005,2
Slovenia,SVN,2006,2
Slovenia,SVN,2007,3
Slovenia,SVN,2008,1
Slovenia,SVN,2009,2
Slovenia,SVN,2010,2
Slovenia,SVN,2011,2
Solomon Islands,SLB,2001,1
Solomon Islands,SLB,2003,1
Solomon Islands,SLB,2004,2
Solomon Islands,SLB,2005,1
Solomon Islands,SLB,2006,1
Solomon Islands,SLB,2007,0
Solomon Islands,SLB,2008,0
Solomon Islands,SLB,2009,1
Solomon Islands,SLB,2010,1
Solomon Islands,SLB,2011,1
Somalia,SOM,1981,1
Somalia,SOM,1982,1
Somalia,SOM,1983,1
Somalia,SOM,1984,1
Somalia,SOM,1985,1
Somalia,SOM,1986,1
Somalia,SOM,1987,1
Somalia,SOM,1988,1
Somalia,SOM,1989,1
Somalia,SOM,1990,1
South Africa,ZAF,1981,0
South Africa,ZAF,1982,0
South Africa,ZAF,1983,0
South Africa,ZAF,1984,1
South Africa,ZAF,1985,0
South Africa,ZAF,1986,0
South Africa,ZAF,1987,0
South Africa,ZAF,1988,1
South Africa,ZAF,1989,1
South Africa,ZAF,1990,1
South Africa,ZAF,1991,1
South Africa,ZAF,1992,1
South Africa,ZAF,1993,1
South Africa,ZAF,1994,1
South Africa,ZAF,1996,2
South Africa,ZAF,1997,2
South Africa,ZAF,1998,2
South Africa,ZAF,1999,2
South Africa,ZAF,2000,2
South Africa,ZAF,2001,2
South Africa,ZAF,2002,2
South Africa,ZAF,2003,1
South Africa,ZAF,2004,1
South Africa,ZAF,2005,1
South Africa,ZAF,2006,1
South Africa,ZAF,2007,1
South Africa,ZAF,2008,1
South Africa,ZAF,2009,1
South Africa,ZAF,2010,1
South Africa,ZAF,2011,1
Spain,ESP,1981,1
Spain,ESP,1982,1
Spain,ESP,1983,2
Spain,ESP,1984,1
Spain,ESP,1985,1
Spain,ESP,1986,2
Spain,ESP,1987,2
Spain,ESP,1988,2
Spain,ESP,1989,2
Spain,ESP,1990,1
Spain,ESP,1991,2
Spain,ESP,1992,2
Spain,ESP,1993,1
Spain,ESP,1994,2
Spain,ESP,1995,2
Spain,ESP,1996,2
Spain,ESP,1997,2
Spain,ESP,1998,2
Spain,ESP,1999,2
Spain,ESP,2000,2
Spain,ESP,2001,2
Spain,ESP,2002,2
Spain,ESP,2003,1
Spain,ESP,2004,1
Spain,ESP,2005,2
Spain,ESP,2006,2
Spain,ESP,2007,2
Spain,ESP,2008,2
Spain,ESP,2009,2
Spain,ESP,2010,2
Spain,ESP,2011,2
Sri Lanka,LKA,1981,1
Sri Lanka,LKA,1982,1
Sri Lanka,LKA,1983,1
Sri Lanka,LKA,1984,1
Sri Lanka,LKA,1985,1
Sri Lanka,LKA,1986,1
Sri Lanka,LKA,1987,0
Sri Lanka,LKA,1988,1
Sri Lanka,LKA,1989,1
Sri Lanka,LKA,1990,2
Sri Lanka,LKA,1991,1
Sri Lanka,LKA,1992,1
Sri Lanka,LKA,1993,2
Sri Lanka,LKA,1994,1
Sri Lanka,LKA,1995,1
Sri Lanka,LKA,1996,1
Sri Lanka,LKA,1997,1
Sri Lanka,LKA,1998,1
Sri Lanka,LKA,1999,1
Sri Lanka,LKA,2000,1
Sri Lanka,LKA,2001,1
Sri Lanka,LKA,2002,1
Sri Lanka,LKA,2003,1
Sri Lanka,LKA,2004,1
Sri Lanka,LKA,2005,1
Sri Lanka,LKA,2006,1
Sri Lanka,LKA,2007,0
Sri Lanka,LKA,2008,1
Sri Lanka,LKA,2009,1
Sri Lanka,LKA,2010,1
Sri Lanka,LKA,2011,1
St Vincent and the Grenadines,,2001,2
St Vincent and the Grenadines,,2003,2
St Vincent and the Grenadines,,2004,1
St Vincent and the Grenadines,,2005,2
St Vincent and the Grenadines,,2006,2
St Vincent and the Grenadines,,2007,3
St Vincent and the Grenadines,,2008,2
St Vincent and the Grenadines,,2009,3
St Vincent and the Grenadines,,2010,3
St Vincent and the Grenadines,,2011,2
Sudan (pre 2011),,1982,1
Sudan (pre 2011),,1983,1
Sudan (pre 2011),,1984,1
Sudan (pre 2011),,1985,1
Sudan (pre 2011),,1986,1
Sudan (pre 2011),,1987,0
Sudan (pre 2011),,1988,1
Sudan (pre 2011),,1989,1
Sudan (pre 2011),,1990,0
Sudan (pre 2011),,1991,0
Sudan (pre 2011),,1992,0
Sudan (pre 2011),,1993,0
Sudan (pre 2011),,1994,0
Sudan (pre 2011),,1995,0
Sudan (pre 2011),,1996,1
Sudan (pre 2011),,1997,1
Sudan (pre 2011),,1998,1
Sudan (pre 2011),,1999,1
Sudan (pre 2011),,2000,0
Sudan (pre 2011),,2001,1
Sudan (pre 2011),,2002,1
Sudan (pre 2011),,2003,1
Sudan (pre 2011),,2004,1
Sudan (pre 2011),,2005,1
Sudan (pre 2011),,2006,0
Sudan (pre 2011),,2007,0
Sudan (pre 2011),,2008,1
Sudan (pre 2011),,2009,0
Sudan (pre 2011),,2010,1
Sudan (pre 2011),,2011,0
Suriname,SUR,2001,1
Suriname,SUR,2003,1
Suriname,SUR,2004,1
Suriname,SUR,2005,1
Suriname,SUR,2006,1
Suriname,SUR,2007,1
Suriname,SUR,2008,1
Suriname,SUR,2009,1
Suriname,SUR,2010,1
Suriname,SUR,2011,1
Swaziland,SWZ,1981,1
Swaziland,SWZ,1982,0
Swaziland,SWZ,1983,1
Swaziland,SWZ,1984,1
Swaziland,SWZ,1985,1
Swaziland,SWZ,1986,1
Swaziland,SWZ,1987,1
Swaziland,SWZ,1988,1
Swaziland,SWZ,1989,1
Swaziland,SWZ,1990,1
Swaziland,SWZ,1991,1
Swaziland,SWZ,1992,1
Swaziland,SWZ,1993,1
Swaziland,SWZ,1994,2
Swaziland,SWZ,1995,1
Swaziland,SWZ,1996,1
Swaziland,SWZ,1997,1
Swaziland,SWZ,1998,1
Swaziland,SWZ,1999,1
Swaziland,SWZ,2000,1
Swaziland,SWZ,2001,1
Swaziland,SWZ,2002,1
Swaziland,SWZ,2003,1
Swaziland,SWZ,2004,1
Swaziland,SWZ,2005,1
Swaziland,SWZ,2006,1
Swaziland,SWZ,2007,1
Swaziland,SWZ,2008,0
Swaziland,SWZ,2009,0
Swaziland,SWZ,2010,0
Swaziland,SWZ,2011,0
Sweden,SWE,1981,2
Sweden,SWE,1982,2
Sweden,SWE,1983,2
Sweden,SWE,1984,2
Sweden,SWE,1985,2
Sweden,SWE,1986,3
Sweden,SWE,1987,2
Sweden,SWE,1988,3
Sweden,SWE,1989,3
Sweden,SWE,1990,2
Sweden,SWE,1991,2
Sweden,SWE,1992,2
Sweden,SWE,1993,2
Sweden,SWE,1994,2
Sweden,SWE,1995,2
Sweden,SWE,1996,2
Sweden,SWE,1997,3
Sweden,SWE,1998,3
Sweden,SWE,1999,3
Sweden,SWE,2000,3
Sweden,SWE,2001,3
Sweden,SWE,2002,3
Sweden,SWE,2003,3
Sweden,SWE,2004,3
Sweden,SWE,2005,3
Sweden,SWE,2006,3
Sweden,SWE,2007,3
Sweden,SWE,2008,3
Sweden,SWE,2009,3
Sweden,SWE,2010,3
Sweden,SWE,2011,2
Switzerland,CHE,1981,2
Switzerland,CHE,1982,2
Switzerland,CHE,1983,2
Switzerland,CHE,1984,2
Switzerland,CHE,1985,2
Switzerland,CHE,1986,2
Switzerland,CHE,1987,2
Switzerland,CHE,1988,2
Switzerland,CHE,1989,2
Switzerland,CHE,1990,2
Switzerland,CHE,1991,2
Switzerland,CHE,1992,2
Switzerland,CHE,1993,2
Switzerland,CHE,1994,2
Switzerland,CHE,1995,2
Switzerland,CHE,1996,2
Switzerland,CHE,1997,2
Switzerland,CHE,1998,2
Switzerland,CHE,1999,2
Switzerland,CHE,2000,2
Switzerland,CHE,2001,2
Switzerland,CHE,2002,2
Switzerland,CHE,2003,2
Switzerland,CHE,2004,2
Switzerland,CHE,2005,2
Switzerland,CHE,2006,1
Switzerland,CHE,2007,2
Switzerland,CHE,2008,1
Switzerland,CHE,2009,2
Switzerland,CHE,2010,3
Switzerland,CHE,2011,3
Syria,SYR,1981,1
Syria,SYR,1982,1
Syria,SYR,1983,1
Syria,SYR,1984,2
Syria,SYR,1985,1
Syria,SYR,1986,1
Syria,SYR,1987,1
Syria,SYR,1988,1
Syria,SYR,1989,1
Syria,SYR,1990,1
Syria,SYR,1991,1
Syria,SYR,1992,1
Syria,SYR,1993,1
Syria,SYR,1994,1
Syria,SYR,1995,1
Syria,SYR,1996,1
Syria,SYR,1997,1
Syria,SYR,1998,1
Syria,SYR,1999,1
Syria,SYR,2000,2
Syria,SYR,2001,1
Syria,SYR,2002,1
Syria,SYR,2003,1
Syria,SYR,2004,1
Syria,SYR,2005,1
Syria,SYR,2006,1
Syria,SYR,2007,0
Syria,SYR,2008,0
Syria,SYR,2009,1
Syria,SYR,2010,1
Syria,SYR,2011,1
Taiwan,TWN,1981,1
Taiwan,TWN,1982,1
Taiwan,TWN,1983,2
Taiwan,TWN,1984,3
Taiwan,TWN,1985,3
Taiwan,TWN,1986,3
Taiwan,TWN,1987,3
Taiwan,TWN,1988,3
Taiwan,TWN,1989,3
Taiwan,TWN,1990,1
Taiwan,TWN,1991,3
Taiwan,TWN,1992,3
Taiwan,TWN,1993,3
Taiwan,TWN,1994,1
Taiwan,TWN,1995,1
Taiwan,TWN,1996,1
Taiwan,TWN,1997,1
Taiwan,TWN,1998,1
Taiwan,TWN,1999,1
Taiwan,TWN,2000,1
Taiwan,TWN,2001,2
Taiwan,TWN,2002,2
Taiwan,TWN,2003,2
Taiwan,TWN,2004,2
Taiwan,TWN,2005,2
Taiwan,TWN,2006,1
Taiwan,TWN,2007,2
Taiwan,TWN,2008,2
Taiwan,TWN,2009,2
Taiwan,TWN,2010,2
Taiwan,TWN,2011,2
Tajikistan,TJK,1993,2
Tajikistan,TJK,1994,1
Tajikistan,TJK,1995,2
Tajikistan,TJK,1996,1
Tajikistan,TJK,1997,1
Tajikistan,TJK,1998,1
Tajikistan,TJK,1999,1
Tajikistan,TJK,2000,1
Tajikistan,TJK,2001,1
Tajikistan,TJK,2002,1
Tajikistan,TJK,2003,2
Tajikistan,TJK,2004,2
Tajikistan,TJK,2005,1
Tajikistan,TJK,2006,1
Tajikistan,TJK,2007,1
Tajikistan,TJK,2008,1
Tajikistan,TJK,2009,1
Tajikistan,TJK,2010,1
Tajikistan,TJK,2011,1
Tanzania,TZA,1982,2
Tanzania,TZA,1983,1
Tanzania,TZA,1984,1
Tanzania,TZA,1985,1
Tanzania,TZA,1986,1
Tanzania,TZA,1987,1
Tanzania,TZA,1988,1
Tanzania,TZA,1989,1
Tanzania,TZA,1990,1
Tanzania,TZA,1991,1
Tanzania,TZA,1992,1
Tanzania,TZA,1993,1
Tanzania,TZA,1994,1
Tanzania,TZA,1995,1
Tanzania,TZA,1996,1
Tanzania,TZA,1997,1
Tanzania,TZA,1998,1
Tanzania,TZA,1999,1
Tanzania,TZA,2000,1
Tanzania,TZA,2001,1
Tanzania,TZA,2002,1
Tanzania,TZA,2003,1
Tanzania,TZA,2004,1
Tanzania,TZA,2005,1
Tanzania,TZA,2006,1
Tanzania,TZA,2007,0
Tanzania,TZA,2008,0
Tanzania,TZA,2009,0
Tanzania,TZA,2010,0
Tanzania,TZA,2011,0
Thailand,THA,1981,1
Thailand,THA,1982,1
Thailand,THA,1983,2
Thailand,THA,1984,1
Thailand,THA,1985,2
Thailand,THA,1986,2
Thailand,THA,1987,1
Thailand,THA,1988,2
Thailand,THA,1989,2
Thailand,THA,1990,1
Thailand,THA,1991,2
Thailand,THA,1992,2
Thailand,THA,1993,1
Thailand,THA,1994,1
Thailand,THA,1995,1
Thailand,THA,1996,1
Thailand,THA,1997,2
Thailand,THA,1998,2
Thailand,THA,1999,2
Thailand,THA,2000,2
Thailand,THA,2001,2
Thailand,THA,2002,2
Thailand,THA,2003,2
Thailand,THA,2004,1
Thailand,THA,2005,1
Thailand,THA,2006,1
Thailand,THA,2007,1
Thailand,THA,2008,1
Thailand,THA,2009,1
Thailand,THA,2010,1
Thailand,THA,2011,1
Timor,TLS,2003,2
Timor,TLS,2004,1
Timor,TLS,2005,1
Timor,TLS,2006,1
Timor,TLS,2007,1
Timor,TLS,2008,1
Timor,TLS,2009,1
Timor,TLS,2010,0
Timor,TLS,2011,0
Togo,TGO,1981,2
Togo,TGO,1982,2
Togo,TGO,1983,2
Togo,TGO,1984,2
Togo,TGO,1985,1
Togo,TGO,1986,1
Togo,TGO,1987,1
Togo,TGO,1988,1
Togo,TGO,1989,1
Togo,TGO,1990,1
Togo,TGO,1991,1
Togo,TGO,1992,1
Togo,TGO,1993,1
Togo,TGO,1994,1
Togo,TGO,1995,1
Togo,TGO,1996,1
Togo,TGO,1997,1
Togo,TGO,1998,1
Togo,TGO,1999,1
Togo,TGO,2000,2
Togo,TGO,2001,1
Togo,TGO,2002,1
Togo,TGO,2003,0
Togo,TGO,2004,0
Togo,TGO,2005,0
Togo,TGO,2006,1
Togo,TGO,2007,1
Togo,TGO,2008,0
Togo,TGO,2009,1
Togo,TGO,2010,1
Togo,TGO,2011,1
Tonga,TON,2001,1
Tonga,TON,2003,2
Tonga,TON,2004,1
Tonga,TON,2005,0
Tonga,TON,2006,0
Tonga,TON,2007,1
Tonga,TON,2008,1
Tonga,TON,2009,1
Tonga,TON,2010,2
Tonga,TON,2011,1
Trinidad and Tobago,TTO,1981,2
Trinidad and Tobago,TTO,1982,2
Trinidad and Tobago,TTO,1983,2
Trinidad and Tobago,TTO,1984,2
Trinidad and Tobago,TTO,1985,2
Trinidad and Tobago,TTO,1986,2
Trinidad and Tobago,TTO,1987,2
Trinidad and Tobago,TTO,1988,2
Trinidad and Tobago,TTO,1989,2
Trinidad and Tobago,TTO,1990,2
Trinidad and Tobago,TTO,1991,3
Trinidad and Tobago,TTO,1992,3
Trinidad and Tobago,TTO,1993,3
Trinidad and Tobago,TTO,1994,2
Trinidad and Tobago,TTO,1995,2
Trinidad and Tobago,TTO,1996,2
Trinidad and Tobago,TTO,1997,2
Trinidad and Tobago,TTO,1998,2
Trinidad and Tobago,TTO,1999,2
Trinidad and Tobago,TTO,2000,2
Trinidad and Tobago,TTO,2001,2
Trinidad and Tobago,TTO,2002,2
Trinidad and Tobago,TTO,2003,2
Trinidad and Tobago,TTO,2004,2
Trinidad and Tobago,TTO,2005,2
Trinidad and Tobago,TTO,2006,1
Trinidad and Tobago,TTO,2007,2
Trinidad and Tobago,TTO,2008,2
Trinidad and Tobago,TTO,2009,2
Trinidad and Tobago,TTO,2010,2
Trinidad and Tobago,TTO,2011,2
Tunisia,TUN,1981,1
Tunisia,TUN,1982,1
Tunisia,TUN,1983,1
Tunisia,TUN,1984,1
Tunisia,TUN,1985,2
Tunisia,TUN,1986,2
Tunisia,TUN,1987,1
Tunisia,TUN,1988,1
Tunisia,TUN,1989,1
Tunisia,TUN,1990,1
Tunisia,TUN,1991,1
Tunisia,TUN,1992,2
Tunisia,TUN,1993,2
Tunisia,TUN,1994,2
Tunisia,TUN,1995,2
Tunisia,TUN,1996,1
Tunisia,TUN,1997,2
Tunisia,TUN,1998,2
Tunisia,TUN,1999,2
Tunisia,TUN,2000,2
Tunisia,TUN,2001,1
Tunisia,TUN,2002,1
Tunisia,TUN,2003,3
Tunisia,TUN,2004,2
Tunisia,TUN,2005,2
Tunisia,TUN,2006,1
Tunisia,TUN,2007,1
Tunisia,TUN,2008,1
Tunisia,TUN,2009,1
Tunisia,TUN,2010,1
Tunisia,TUN,2011,1
Turkey,TUR,1981,1
Turkey,TUR,1982,1
Turkey,TUR,1983,1
Turkey,TUR,1984,2
Turkey,TUR,1985,2
Turkey,TUR,1986,1
Turkey,TUR,1987,1
Turkey,TUR,1988,2
Turkey,TUR,1989,1
Turkey,TUR,1990,2
Turkey,TUR,1991,1
Turkey,TUR,1992,1
Turkey,TUR,1993,1
Turkey,TUR,1994,1
Turkey,TUR,1995,1
Turkey,TUR,1996,2
Turkey,TUR,1997,2
Turkey,TUR,1998,2
Turkey,TUR,1999,2
Turkey,TUR,2000,1
Turkey,TUR,2001,2
Turkey,TUR,2002,2
Turkey,TUR,2003,2
Turkey,TUR,2004,2
Turkey,TUR,2005,1
Turkey,TUR,2006,1
Turkey,TUR,2007,2
Turkey,TUR,2008,1
Turkey,TUR,2009,1
Turkey,TUR,2010,1
Turkey,TUR,2011,1
Turkmenistan,TKM,1992,1
Turkmenistan,TKM,1993,1
Turkmenistan,TKM,1994,1
Turkmenistan,TKM,1995,1
Turkmenistan,TKM,1996,1
Turkmenistan,TKM,1997,1
Turkmenistan,TKM,1998,1
Turkmenistan,TKM,1999,1
Turkmenistan,TKM,2000,1
Turkmenistan,TKM,2001,1
Turkmenistan,TKM,2002,1
Turkmenistan,TKM,2003,1
Turkmenistan,TKM,2004,1
Turkmenistan,TKM,2005,1
Turkmenistan,TKM,2006,1
Turkmenistan,TKM,2007,1
Turkmenistan,TKM,2008,1
Turkmenistan,TKM,2009,1
Turkmenistan,TKM,2010,1
Turkmenistan,TKM,2011,1
Tuvalu,TUV,2001,2
Tuvalu,TUV,2003,1
Tuvalu,TUV,2004,1
Tuvalu,TUV,2005,1
Tuvalu,TUV,2006,1
Tuvalu,TUV,2007,1
Tuvalu,TUV,2008,0
Tuvalu,TUV,2009,1
Tuvalu,TUV,2010,1
Tuvalu,TUV,2011,1
USSR,OWID_USS,1981,1
USSR,OWID_USS,1982,1
USSR,OWID_USS,1983,1
USSR,OWID_USS,1984,1
USSR,OWID_USS,1985,1
USSR,OWID_USS,1986,1
USSR,OWID_USS,1987,1
USSR,OWID_USS,1988,1
USSR,OWID_USS,1989,1
USSR,OWID_USS,1990,1
USSR,OWID_USS,1991,1
Uganda,UGA,1981,1
Uganda,UGA,1982,1
Uganda,UGA,1983,1
Uganda,UGA,1984,1
Uganda,UGA,1986,1
Uganda,UGA,1987,0
Uganda,UGA,1988,1
Uganda,UGA,1989,1
Uganda,UGA,1990,0
Uganda,UGA,1991,0
Uganda,UGA,1992,0
Uganda,UGA,1993,0
Uganda,UGA,1994,0
Uganda,UGA,1995,0
Uganda,UGA,2002,1
Uganda,UGA,2003,1
Uganda,UGA,2004,1
Uganda,UGA,2005,1
Uganda,UGA,2006,1
Uganda,UGA,2007,1
Uganda,UGA,2008,1
Uganda,UGA,2009,0
Uganda,UGA,2010,0
Uganda,UGA,2011,0
Ukraine,UKR,1992,2
Ukraine,UKR,1993,1
Ukraine,UKR,1994,1
Ukraine,UKR,1995,1
Ukraine,UKR,1996,1
Ukraine,UKR,1997,1
Ukraine,UKR,1998,1
Ukraine,UKR,1999,1
Ukraine,UKR,2000,1
Ukraine,UKR,2001,1
Ukraine,UKR,2002,1
Ukraine,UKR,2003,1
Ukraine,UKR,2004,1
Ukraine,UKR,2005,1
Ukraine,UKR,2006,1
Ukraine,UKR,2007,2
Ukraine,UKR,2008,1
Ukraine,UKR,2009,1
Ukraine,UKR,2010,1
Ukraine,UKR,2011,2
United Arab Emirates,ARE,1981,0
United Arab Emirates,ARE,1982,1
United Arab Emirates,ARE,1983,1
United Arab Emirates,ARE,1984,0
United Arab Emirates,ARE,1985,1
United Arab Emirates,ARE,1986,1
United Arab Emirates,ARE,1987,0
United Arab Emirates,ARE,1988,1
United Arab Emirates,ARE,1989,1
United Arab Emirates,ARE,1990,1
United Arab Emirates,ARE,1991,1
United Arab Emirates,ARE,1992,1
United Arab Emirates,ARE,1993,1
United Arab Emirates,ARE,1994,1
United Arab Emirates,ARE,1995,1
United Arab Emirates,ARE,1996,2
United Arab Emirates,ARE,1997,2
United Arab Emirates,ARE,1998,2
United Arab Emirates,ARE,1999,2
United Arab Emirates,ARE,2000,2
United Arab Emirates,ARE,2001,2
United Arab Emirates,ARE,2002,2
United Arab Emirates,ARE,2003,2
United Arab Emirates,ARE,2004,1
United Arab Emirates,ARE,2005,1
United Arab Emirates,ARE,2006,1
United Arab Emirates,ARE,2007,1
United Arab Emirates,ARE,2008,1
United Arab Emirates,ARE,2009,1
United Arab Emirates,ARE,2010,1
United Arab Emirates,ARE,2011,1
United Kingdom,GBR,1981,2
United Kingdom,GBR,1982,2
United Kingdom,GBR,1983,2
United Kingdom,GBR,1984,2
United Kingdom,GBR,1985,2
United Kingdom,GBR,1986,2
United Kingdom,GBR,1987,2
United Kingdom,GBR,1988,2
United Kingdom,GBR,1989,2
United Kingdom,GBR,1990,2
United Kingdom,GBR,1991,2
United Kingdom,GBR,1992,2
United Kingdom,GBR,1993,2
United Kingdom,GBR,1994,2
United Kingdom,GBR,1995,2
United Kingdom,GBR,1996,2
United Kingdom,GBR,1997,2
United Kingdom,GBR,1998,2
United Kingdom,GBR,1999,2
United Kingdom,GBR,2000,2
United Kingdom,GBR,2001,2
United Kingdom,GBR,2002,2
United Kingdom,GBR,2003,2
United Kingdom,GBR,2004,2
United Kingdom,GBR,2005,2
United Kingdom,GBR,2006,2
United Kingdom,GBR,2007,3
United Kingdom,GBR,2008,2
United Kingdom,GBR,2009,2
United Kingdom,GBR,2010,3
United Kingdom,GBR,2011,3
United States,USA,1981,2
United States,USA,1982,2
United States,USA,1983,2
United States,USA,1984,2
United States,USA,1985,2
United States,USA,1986,2
United States,USA,1987,2
United States,USA,1988,2
United States,USA,1989,2
United States,USA,1990,2
United States,USA,1991,2
United States,USA,1992,2
United States,USA,1993,2
United States,USA,1994,2
United States,USA,1995,2
United States,USA,1996,2
United States,USA,1997,2
United States,USA,1998,2
United States,USA,1999,2
United States,USA,2000,2
United States,USA,2001,2
United States,USA,2002,2
United States,USA,2003,2
United States,USA,2004,2
United States,USA,2005,3
United States,USA,2006,3
United States,USA,2007,3
United States,USA,2008,3
United States,USA,2009,3
United States,USA,2010,3
United States,USA,2011,3
Uruguay,URY,1981,1
Uruguay,URY,1982,1
Uruguay,URY,1983,1
Uruguay,URY,1984,1
Uruguay,URY,1985,1
Uruguay,URY,1986,1
Uruguay,URY,1987,1
Uruguay,URY,1988,1
Uruguay,URY,1989,1
Uruguay,URY,1990,1
Uruguay,URY,1991,1
Uruguay,URY,1992,1
Uruguay,URY,1993,1
Uruguay,URY,1994,1
Uruguay,URY,1995,1
Uruguay,URY,1996,1
Uruguay,URY,1997,1
Uruguay,URY,1998,1
Uruguay,URY,1999,1
Uruguay,URY,2000,1
Uruguay,URY,2001,1
Uruguay,URY,2002,1
Uruguay,URY,2003,1
Uruguay,URY,2004,1
Uruguay,URY,2005,1
Uruguay,URY,2006,1
Uruguay,URY,2007,1
Uruguay,URY,2008,1
Uruguay,URY,2009,1
Uruguay,URY,2010,1
Uruguay,URY,2011,2
Uzbekistan,UZB,1992,1
Uzbekistan,UZB,1993,1
Uzbekistan,UZB,1994,1
Uzbekistan,UZB,1995,1
Uzbekistan,UZB,1996,1
Uzbekistan,UZB,1997,1
Uzbekistan,UZB,1998,1
Uzbekistan,UZB,1999,1
Uzbekistan,UZB,2000,1
Uzbekistan,UZB,2001,1
Uzbekistan,UZB,2002,1
Uzbekistan,UZB,2003,1
Uzbekistan,UZB,2004,1
Uzbekistan,UZB,2005,1
Uzbekistan,UZB,2006,1
Uzbekistan,UZB,2007,1
Uzbekistan,UZB,2008,1
Uzbekistan,UZB,2009,0
Uzbekistan,UZB,2010,1
Uzbekistan,UZB,2011,1
Vanuatu,VUT,2001,1
Vanuatu,VUT,2003,1
Vanuatu,VUT,2004,1
Vanuatu,VUT,2005,1
Vanuatu,VUT,2006,1
Vanuatu,VUT,2007,1
Vanuatu,VUT,2008,1
Vanuatu,VUT,2009,1
Vanuatu,VUT,2010,1
Vanuatu,VUT,2011,1
Venezuela,VEN,1981,2
Venezuela,VEN,1982,2
Venezuela,VEN,1983,2
Venezuela,VEN,1984,2
Venezuela,VEN,1985,2
Venezuela,VEN,1986,1
Venezuela,VEN,1987,1
Venezuela,VEN,1988,2
Venezuela,VEN,1989,2
Venezuela,VEN,1990,1
Venezuela,VEN,1991,2
Venezuela,VEN,1992,2
Venezuela,VEN,1993,2
Venezuela,VEN,1994,2
Venezuela,VEN,1995,2
Venezuela,VEN,1996,2
Venezuela,VEN,1997,2
Venezuela,VEN,1998,2
Venezuela,VEN,1999,2
Venezuela,VEN,2000,2
Venezuela,VEN,2001,2
Venezuela,VEN,2002,2
Venezuela,VEN,2003,2
Venezuela,VEN,2004,2
Venezuela,VEN,2005,2
Venezuela,VEN,2006,1
Venezuela,VEN,2007,2
Venezuela,VEN,2008,2
Venezuela,VEN,2009,2
Venezuela,VEN,2010,2
Venezuela,VEN,2011,2
Vietnam,VNM,1984,1
Vietnam,VNM,1985,1
Vietnam,VNM,1986,1
Vietnam,VNM,1988,1
Vietnam,VNM,1989,2
Vietnam,VNM,1990,2
Vietnam,VNM,1991,2
Vietnam,VNM,1992,2
Vietnam,VNM,1993,2
Vietnam,VNM,1994,1
Vietnam,VNM,1995,1
Vietnam,VNM,1996,1
Vietnam,VNM,1997,1
Vietnam,VNM,1998,1
Vietnam,VNM,1999,1
Vietnam,VNM,2000,1
Vietnam,VNM,2001,1
Vietnam,VNM,2002,1
Vietnam,VNM,2003,2
Vietnam,VNM,2004,2
Vietnam,VNM,2005,1
Vietnam,VNM,2006,2
Vietnam,VNM,2007,2
Vietnam,VNM,2008,1
Vietnam,VNM,2009,1
Vietnam,VNM,2010,1
Vietnam,VNM,2011,1
Yemen,YEM,1991,1
Yemen,YEM,1992,1
Yemen,YEM,1993,1
Yemen,YEM,1994,1
Yemen,YEM,1995,1
Yemen,YEM,1996,0
Yemen,YEM,1997,0
Yemen,YEM,1998,0
Yemen,YEM,1999,0
Yemen,YEM,2000,0
Yemen,YEM,2001,0
Yemen,YEM,2002,0
Yemen,YEM,2003,0
Yemen,YEM,2004,1
Yemen,YEM,2005,1
Yemen,YEM,2006,1
Yemen,YEM,2007,1
Yemen,YEM,2008,0
Yemen,YEM,2009,0
Yemen,YEM,2010,0
Yemen,YEM,2011,0
"Yemen, North",,1981,1
"Yemen, North",,1982,1
"Yemen, North",,1983,1
"Yemen, North",,1984,1
"Yemen, North",,1985,1
"Yemen, North",,1986,1
"Yemen, North",,1987,1
"Yemen, North",,1988,1
"Yemen, North",,1989,1
Yugoslavia,OWID_YGS,1981,2
Yugoslavia,OWID_YGS,1982,2
Yugoslavia,OWID_YGS,1983,2
Yugoslavia,OWID_YGS,1984,2
Yugoslavia,OWID_YGS,1985,2
Yugoslavia,OWID_YGS,1986,2
Yugoslavia,OWID_YGS,1987,2
Yugoslavia,OWID_YGS,1988,2
Yugoslavia,OWID_YGS,1989,2
Yugoslavia,OWID_YGS,1990,2
Yugoslavia,OWID_YGS,1991,1
Zambia,ZMB,1981,1
Zambia,ZMB,1982,1
Zambia,ZMB,1983,1
Zambia,ZMB,1984,1
Zambia,ZMB,1985,1
Zambia,ZMB,1986,1
Zambia,ZMB,1987,1
Zambia,ZMB,1988,1
Zambia,ZMB,1989,1
Zambia,ZMB,1990,1
Zambia,ZMB,1991,1
Zambia,ZMB,1992,1
Zambia,ZMB,1993,1
Zambia,ZMB,1994,1
Zambia,ZMB,1995,1
Zambia,ZMB,1996,1
Zambia,ZMB,1997,1
Zambia,ZMB,1998,1
Zambia,ZMB,1999,1
Zambia,ZMB,2000,1
Zambia,ZMB,2001,1
Zambia,ZMB,2002,1
Zambia,ZMB,2003,1
Zambia,ZMB,2004,1
Zambia,ZMB,2005,1
Zambia,ZMB,2006,1
Zambia,ZMB,2007,0
Zambia,ZMB,2008,0
Zambia,ZMB,2009,0
Zambia,ZMB,2010,1
Zambia,ZMB,2011,0
Zimbabwe,ZWE,1981,0
Zimbabwe,ZWE,1983,1
Zimbabwe,ZWE,1985,1
Zimbabwe,ZWE,1986,1
Zimbabwe,ZWE,1988,1
Zimbabwe,ZWE,1989,1
Zimbabwe,ZWE,1990,1
Zimbabwe,ZWE,1991,1
Zimbabwe,ZWE,1992,1
Zimbabwe,ZWE,1993,1
Zimbabwe,ZWE,1994,1
Zimbabwe,ZWE,1995,1
Zimbabwe,ZWE,1996,1
Zimbabwe,ZWE,1997,1
Zimbabwe,ZWE,1998,1
Zimbabwe,ZWE,1999,1
Zimbabwe,ZWE,2000,1
Zimbabwe,ZWE,2001,1
Zimbabwe,ZWE,2002,1
Zimbabwe,ZWE,2003,1
Zimbabwe,ZWE,2004,1
Zimbabwe,ZWE,2005,1
Zimbabwe,ZWE,2006,1
Zimbabwe,ZWE,2007,1
Zimbabwe,ZWE,2008,1
Zimbabwe,ZWE,2009,0
Zimbabwe,ZWE,2010,0
Zimbabwe,ZWE,2011,1